depmap_id,ccle_name,primary_tissue,secondary_tissue,tertiary_tissue,passed_str_profiling,row_name
ACH-000824,KYSE510_OESOPHAGUS,esophagus,esophagus_squamous,,TRUE,PR500_ACH-000824
ACH-000954,HEC1A_ENDOMETRIUM,uterus,uterus_endometrium,,TRUE,PR500_ACH-000954
ACH-000601,MIAPACA2_PANCREAS,pancreas,,,TRUE,PR500_ACH-000601
ACH-000651,SW620_LARGE_INTESTINE,colorectal,,,TRUE,PR500_ACH-000651
ACH-000361,SKHEP1_LIVER,liver,,,TRUE,PR500_ACH-000361
ACH-000842,SW480_LARGE_INTESTINE,colorectal,,,TRUE,PR500_ACH-000842
ACH-000570,YKG1_CENTRAL_NERVOUS_SYSTEM,central_nervous_system,glioma,glioblastoma,TRUE,PR500_ACH-000570
ACH-000396,J82_URINARY_TRACT,urinary_tract,,,TRUE,PR500_ACH-000396
ACH-000777,KYSE30_OESOPHAGUS,esophagus,esophagus_squamous,,TRUE,PR500_ACH-000777
ACH-000924,NCIH2172_LUNG,lung,lung_NSC,,TRUE,PR500_ACH-000924
ACH-000096,G401_SOFT_TISSUE,rhabdoid,,,TRUE,PR500_ACH-000096
ACH-000096,G401_SOFT_TISSUE,rhabdoid,,,TRUE,PR300_ACH-000096
ACH-000955,SNU407_LARGE_INTESTINE,colorectal,colorectal_MSI,,TRUE,PR500_ACH-000955
ACH-000280,SNU840_OVARY,ovary,ovary_non_epithelial,Brenner_tumor,TRUE,PR500_ACH-000280
ACH-000940,AN3CA_ENDOMETRIUM,uterus,uterus_endometrium,,TRUE,PR500_ACH-000940
ACH-001318,PLCPRF5_LIVER,liver,,,TRUE,PR500_ACH-001318
ACH-000332,YAPC_PANCREAS,pancreas,,,TRUE,PR500_ACH-000332
ACH-000839,SCABER_URINARY_TRACT,urinary_tract,,,TRUE,PR500_ACH-000839
ACH-000082,G292CLONEA141B1_BONE,bone,osteosarcoma,,TRUE,PR500_ACH-000082
ACH-000082,G292CLONEA141B1_BONE,bone,osteosarcoma,,TRUE,PR300_ACH-000082
ACH-000476,JHH4_LIVER,liver,,,TRUE,PR500_ACH-000476
ACH-000178,HS766T_PANCREAS,pancreas,,,TRUE,PR500_ACH-000178
ACH-000421,SW837_LARGE_INTESTINE,colorectal,,,TRUE,PR500_ACH-000421
ACH-000524,KURAMOCHI_OVARY,ovary,ovary_adenocarcinoma,ovary_high_grade_serous,TRUE,PR500_ACH-000524
ACH-000469,YH13_CENTRAL_NERVOUS_SYSTEM,central_nervous_system,glioma,glioblastoma,TRUE,PR500_ACH-000469
ACH-000012,HCC827_LUNG,lung,lung_NSC,lung_adenocarcinoma,TRUE,PR500_ACH-000012
ACH-000153,NCIH2052_PLEURA,mesothelioma,,,TRUE,PR500_ACH-000153
ACH-000805,COLO679_SKIN,skin,melanoma,,TRUE,PR500_ACH-000805
ACH-000429,A704_KIDNEY,kidney,,,TRUE,PR500_ACH-000429
ACH-000628,NCIH596_LUNG,lung,lung_NSC,,TRUE,PR500_ACH-000628
ACH-000108,KP3_PANCREAS,pancreas,,,TRUE,PR500_ACH-000108
ACH-000939,SKUT1_SOFT_TISSUE,soft_tissue,leiomyosarcoma,,TRUE,PR500_ACH-000939
ACH-000323,42MGBA_CENTRAL_NERVOUS_SYSTEM,central_nervous_system,glioma,astrocytoma,TRUE,PR500_ACH-000323
ACH-000219,A375_SKIN,skin,melanoma,,TRUE,PR500_ACH-000219
ACH-000903,FTC133_THYROID,thyroid,,,TRUE,PR500_ACH-000903
ACH-000054,HT1080_SOFT_TISSUE,soft_tissue,fibrosarcoma,,TRUE,PR500_ACH-000054
ACH-000098,GAMG_CENTRAL_NERVOUS_SYSTEM,central_nervous_system,glioma,glioblastoma,TRUE,PR500_ACH-000098
ACH-000302,SNU1077_ENDOMETRIUM,uterus,uterus_endometrium,,TRUE,PR500_ACH-000302
ACH-000324,JHOC5_OVARY,ovary,ovary_adenocarcinoma,ovary_clear_cell,TRUE,PR500_ACH-000324
ACH-000510,NCIH1299_LUNG,lung,lung_NSC,lung_large,TRUE,PR500_ACH-000510
ACH-000164,PANC1_PANCREAS,pancreas,,,TRUE,PR500_ACH-000164
ACH-000549,SNU1076_UPPER_AERODIGESTIVE_TRACT,upper_aerodigestive,upper_aerodigestive_squamous,,TRUE,PR500_ACH-000549
ACH-000650,IGR37_SKIN,skin,melanoma,,TRUE,PR500_ACH-000650
ACH-000217,JHH6_LIVER,liver,,,TRUE,PR500_ACH-000217
ACH-000463,NCIH460_LUNG,lung,lung_NSC,lung_large,TRUE,PR500_ACH-000463
ACH-000748,SJSA1_BONE,bone,osteosarcoma,,TRUE,PR500_ACH-000748
ACH-000748,SJSA1_BONE,bone,osteosarcoma,,TRUE,PR300_ACH-000748
ACH-000788,A2058_SKIN,skin,melanoma,,TRUE,PR500_ACH-000788
ACH-000589,NCIH1437_LUNG,lung,lung_NSC,lung_adenocarcinoma,TRUE,PR500_ACH-000589
ACH-000086,ACCMESO1_PLEURA,mesothelioma,,,TRUE,PR500_ACH-000086
ACH-000545,VMCUB1_URINARY_TRACT,urinary_tract,,,TRUE,PR500_ACH-000545
ACH-000762,YD38_UPPER_AERODIGESTIVE_TRACT,upper_aerodigestive,upper_aerodigestive_squamous,,TRUE,PR500_ACH-000762
ACH-000792,BFTC909_KIDNEY,kidney,,,TRUE,PR500_ACH-000792
ACH-000211,DAOY_CENTRAL_NERVOUS_SYSTEM,central_nervous_system,medulloblastoma,non-MYC,TRUE,PR500_ACH-000211
ACH-000211,DAOY_CENTRAL_NERVOUS_SYSTEM,central_nervous_system,medulloblastoma,non-MYC,TRUE,PR300_ACH-000211
ACH-000936,EFO27_OVARY,ovary,ovary_adenocarcinoma,ovary_endometrioid,TRUE,PR500_ACH-000936
ACH-000882,IGR1_SKIN,skin,melanoma,,TRUE,PR500_ACH-000882
ACH-000471,LI7_LIVER,liver,,,TRUE,PR500_ACH-000471
ACH-000947,OVK18_OVARY,ovary,ovary_adenocarcinoma,ovary_endometrioid,TRUE,PR500_ACH-000947
ACH-000670,SBC5_LUNG,lung,lung_small,,TRUE,PR500_ACH-000670
ACH-000738,GB1_CENTRAL_NERVOUS_SYSTEM,central_nervous_system,glioma,glioblastoma,TRUE,PR500_ACH-000738
ACH-000048,TOV112D_OVARY,ovary,ovary_adenocarcinoma,ovary_endometrioid,TRUE,PR500_ACH-000048
ACH-000259,KELLY_AUTONOMIC_GANGLIA,peripheral_nervous_system,neuroblastoma,,TRUE,PR500_ACH-000259
ACH-000259,KELLY_AUTONOMIC_GANGLIA,peripheral_nervous_system,neuroblastoma,,TRUE,PR300_ACH-000259
ACH-000599,PATU8902_PANCREAS,pancreas,,,TRUE,PR500_ACH-000599
ACH-000716,TT2609C02_THYROID,thyroid,,,TRUE,PR500_ACH-000716
ACH-000347,QGP1_PANCREAS,pancreas,,,TRUE,PR500_ACH-000347
ACH-000566,SW1710_URINARY_TRACT,urinary_tract,,,TRUE,PR500_ACH-000566
ACH-001016,BECKER_CENTRAL_NERVOUS_SYSTEM,central_nervous_system,glioma,,TRUE,PR500_ACH-001016
ACH-000395,NCIH520_LUNG,lung,lung_NSC,lung_squamous,TRUE,PR500_ACH-000395
ACH-000407,SNU685_ENDOMETRIUM,uterus,uterus_endometrium,,TRUE,PR500_ACH-000407
ACH-000418,SW1353_BONE,bone,chondrosarcoma,,TRUE,PR500_ACH-000418
ACH-000837,NCIH322_LUNG,lung,lung_NSC,lung_adenocarcinoma,TRUE,PR500_ACH-000837
ACH-000008,A101D_SKIN,skin,melanoma,,TRUE,PR500_ACH-000008
ACH-000191,BHT101_THYROID,thyroid,,,TRUE,PR500_ACH-000191
ACH-000941,HEC1B_ENDOMETRIUM,uterus,uterus_endometrium,,TRUE,PR500_ACH-000941
ACH-000532,SNU61_LARGE_INTESTINE,colorectal,,,TRUE,PR500_ACH-000532
ACH-000316,SNU886_LIVER,liver,,,TRUE,PR500_ACH-000316
ACH-000677,SW1573_LUNG,lung,lung_NSC,lung_squamous,TRUE,PR500_ACH-000677
ACH-000375,G402_SOFT_TISSUE,rhabdoid,,,TRUE,PR500_ACH-000375
ACH-000375,G402_SOFT_TISSUE,rhabdoid,,,TRUE,PR300_ACH-000375
ACH-000619,PECAPJ15_UPPER_AERODIGESTIVE_TRACT,upper_aerodigestive,upper_aerodigestive_squamous,,TRUE,PR500_ACH-000619
ACH-000965,RL952_ENDOMETRIUM,uterus,uterus_endometrium,,TRUE,PR500_ACH-000965
ACH-000210,CADOES1_BONE,bone,Ewing_sarcoma,,TRUE,PR500_ACH-000210
ACH-000210,CADOES1_BONE,bone,Ewing_sarcoma,,TRUE,PR300_ACH-000210
ACH-000967,SNUC2A_LARGE_INTESTINE,colorectal,colorectal_MSI,,TRUE,PR500_ACH-000967
ACH-000803,COLO668_LUNG,lung,lung_small,,TRUE,PR500_ACH-000803
ACH-000007,LS513_LARGE_INTESTINE,colorectal,,,TRUE,PR500_ACH-000007
ACH-000719,RMGI_OVARY,ovary,ovary_adenocarcinoma,ovary_clear_cell,TRUE,PR500_ACH-000719
ACH-000484,VMRCRCW_KIDNEY,kidney,,,TRUE,PR500_ACH-000484
ACH-000433,CAKI1_KIDNEY,kidney,,,TRUE,PR500_ACH-000433
ACH-000688,OV7_OVARY,ovary,ovary_adenocarcinoma,ovary_clear_cell,TRUE,PR500_ACH-000688
ACH-000603,BEN_LUNG,lung,lung_NSC,,TRUE,PR500_ACH-000603
ACH-000351,MKN1_STOMACH,gastric,gastric_adenosquamous,,TRUE,PR500_ACH-000351
ACH-000627,LCLC103H_LUNG,lung,lung_NSC,lung_large,TRUE,PR500_ACH-000627
ACH-000916,NCIH1573_LUNG,lung,lung_NSC,lung_adenocarcinoma,TRUE,PR500_ACH-000916
ACH-000662,CORL23_LUNG,lung,lung_NSC,lung_large,TRUE,PR500_ACH-000662
ACH-000863,DBTRG05MG_CENTRAL_NERVOUS_SYSTEM,central_nervous_system,glioma,glioblastoma,TRUE,PR500_ACH-000863
ACH-000732,PECAPJ41CLONED2_UPPER_AERODIGESTIVE_TRACT,upper_aerodigestive,upper_aerodigestive_squamous,,TRUE,PR500_ACH-000732
ACH-000066,HCC4006_LUNG,lung,lung_NSC,lung_adenocarcinoma,TRUE,PR500_ACH-000066
ACH-000015,NCIH1581_LUNG,lung,lung_NSC,lung_large,TRUE,PR500_ACH-000015
NA,NA,lung,lung_NSC,lung_squamous,FALSE,PR500_ACH-000539_FAILED_STR
NA,NA,lung,lung_NSC,lung_squamous,FALSE,PR500_ACH-000511_FAILED_STR
NA,NA,lung,lung_NSC,lung_squamous,FALSE,PR500_ACH-000807_FAILED_STR
NA,NA,lung,lung_NSC,lung_squamous,FALSE,PR500_ACH-000409_FAILED_STR
NA,NA,lung,lung_NSC,lung_squamous,FALSE,PR500_ACH-000028_FAILED_STR
NA,NA,lung,lung_NSC,lung_squamous,FALSE,PR500_ACH-000010_FAILED_STR
NA,NA,lung,lung_NSC,lung_squamous,FALSE,PR500_ACH-001078_FAILED_STR
NA,NA,lung,lung_NSC,lung_squamous,FALSE,PR500_ACH-000460_FAILED_STR
NA,NA,lung,lung_NSC,lung_squamous,FALSE,PR500_ACH-000925_FAILED_STR
NA,NA,lung,lung_NSC,lung_squamous,FALSE,PR500_ACH-000992_FAILED_STR
NA,NA,lung,lung_NSC,lung_squamous,FALSE,PR300_CONTROL_BARCODE_1
NA,NA,lung,lung_NSC,lung_squamous,FALSE,PR300_CONTROL_BARCODE_2
NA,NA,lung,lung_NSC,lung_squamous,FALSE,PR300_CONTROL_BARCODE_3
NA,NA,lung,lung_NSC,lung_squamous,FALSE,PR300_CONTROL_BARCODE_4
NA,NA,lung,lung_NSC,lung_squamous,FALSE,PR300_CONTROL_BARCODE_5
NA,NA,lung,lung_NSC,lung_squamous,FALSE,PR300_CONTROL_BARCODE_6
NA,NA,lung,lung_NSC,lung_squamous,FALSE,PR300_CONTROL_BARCODE_7
NA,NA,lung,lung_NSC,lung_squamous,FALSE,PR300_CONTROL_BARCODE_8
NA,NA,lung,lung_NSC,lung_squamous,FALSE,PR300_CONTROL_BARCODE_9
NA,NA,lung,lung_NSC,lung_squamous,FALSE,PR300_CONTROL_BARCODE_10
NA,NA,lung,lung_NSC,lung_squamous,FALSE,PR500_CONTROL_BARCODE_1
NA,NA,lung,lung_NSC,lung_squamous,FALSE,PR500_CONTROL_BARCODE_2
NA,NA,lung,lung_NSC,lung_squamous,FALSE,PR500_CONTROL_BARCODE_3
NA,NA,lung,lung_NSC,lung_squamous,FALSE,PR500_CONTROL_BARCODE_4
NA,NA,lung,lung_NSC,lung_squamous,FALSE,PR500_CONTROL_BARCODE_5
NA,NA,lung,lung_NSC,lung_squamous,FALSE,PR500_CONTROL_BARCODE_6
NA,NA,lung,lung_NSC,lung_squamous,FALSE,PR500_CONTROL_BARCODE_7
NA,NA,lung,lung_NSC,lung_squamous,FALSE,PR500_CONTROL_BARCODE_8
NA,NA,lung,lung_NSC,lung_squamous,FALSE,PR500_CONTROL_BARCODE_9
NA,NA,lung,lung_NSC,lung_squamous,FALSE,PR500_CONTROL_BARCODE_10
ACH-000674,NUGC4_STOMACH,gastric,gastric_adenocarcinoma,diffuse_gastric,TRUE,PR500_ACH-000674
ACH-000892,NCIH1563_LUNG,lung,lung_NSC,lung_adenocarcinoma,TRUE,PR500_ACH-000892
ACH-000909,JHUEM2_ENDOMETRIUM,uterus,uterus_endometrium,,TRUE,PR500_ACH-000909
ACH-000237,JHOM1_OVARY,ovary,ovary_adenocarcinoma,ovary_mucinous,TRUE,PR500_ACH-000237
ACH-000811,SKOV3_OVARY,ovary,ovary_adenocarcinoma,ovary_serous,TRUE,PR500_ACH-000811
ACH-000537,SNU761_LIVER,liver,,,TRUE,PR500_ACH-000537
ACH-000312,SKNBE2_AUTONOMIC_GANGLIA,peripheral_nervous_system,neuroblastoma,,TRUE,PR500_ACH-000312
ACH-000312,SKNBE2_AUTONOMIC_GANGLIA,peripheral_nervous_system,neuroblastoma,,TRUE,PR300_ACH-000312
ACH-000390,LUDLU1_LUNG,lung,lung_NSC,lung_squamous,TRUE,PR500_ACH-000390
ACH-000901,HCC1359_LUNG,lung,lung_NSC,lung_large,TRUE,PR500_ACH-000901
ACH-000307,PK1_PANCREAS,pancreas,,,TRUE,PR500_ACH-000307
ACH-000289,SNU466_CENTRAL_NERVOUS_SYSTEM,central_nervous_system,glioma,,TRUE,PR500_ACH-000289
ACH-000309,SKLU1_LUNG,lung,lung_NSC,lung_adenocarcinoma,TRUE,PR500_ACH-000309
ACH-000733,NCIH1838_LUNG,lung,lung_NSC,lung_adenocarcinoma,TRUE,PR500_ACH-000733
ACH-000268,SNU245_BILIARY_TRACT,bile_duct,cholangiocarcinoma,,TRUE,PR500_ACH-000268
ACH-000758,MKN74_STOMACH,gastric,gastric_adenocarcinoma,,TRUE,PR500_ACH-000758
ACH-000693,KYSE180_OESOPHAGUS,esophagus,esophagus_squamous,,TRUE,PR500_ACH-000693
ACH-001307,8505C_THYROID,thyroid,,,TRUE,PR500_ACH-001307
ACH-000427,NCIN87_STOMACH,gastric,gastric_adenocarcinoma,,TRUE,PR500_ACH-000427
ACH-000684,KMRC1_KIDNEY,kidney,,,TRUE,PR500_ACH-000684
ACH-000264,CALU6_LUNG,lung,lung_NSC,,TRUE,PR500_ACH-000264
ACH-000027,GOS3_CENTRAL_NERVOUS_SYSTEM,central_nervous_system,,glioblastoma,TRUE,PR500_ACH-000027
ACH-000671,HUH6_LIVER,liver,hepatoblastoma,,TRUE,PR500_ACH-000671
ACH-000205,PK59_PANCREAS,pancreas,,,TRUE,PR500_ACH-000205
ACH-000720,TCCSUP_URINARY_TRACT,urinary_tract,,,TRUE,PR500_ACH-000720
ACH-000814,HS939T_SKIN,skin,melanoma,,TRUE,PR500_ACH-000814
ACH-000885,TOV21G_OVARY,ovary,ovary_adenocarcinoma,ovary_clear_cell,TRUE,PR500_ACH-000885
ACH-000663,OVTOKO_OVARY,ovary,ovary_adenocarcinoma,ovary_clear_cell,TRUE,PR500_ACH-000663
ACH-000647,TE1_OESOPHAGUS,esophagus,esophagus_squamous,,TRUE,PR500_ACH-000647
ACH-000774,RERFLCAD2_LUNG,lung,lung_NSC,lung_adenocarcinoma,TRUE,PR500_ACH-000774
ACH-000243,DANG_PANCREAS,pancreas,,,TRUE,PR500_ACH-000243
ACH-000255,LMSU_STOMACH,gastric,,,TRUE,PR500_ACH-000255
ACH-000335,MSTO211H_PLEURA,mesothelioma,,,TRUE,PR500_ACH-000335
ACH-000147,T47D_BREAST,breast,ERpos,,TRUE,PR500_ACH-000147
ACH-000090,PC3_PROSTATE,prostate,,,TRUE,PR500_ACH-000090
ACH-000171,VMRCRCZ_KIDNEY,kidney,,,TRUE,PR500_ACH-000171
ACH-000614,RVH421_SKIN,skin,melanoma,,TRUE,PR500_ACH-000614
ACH-000132,JHOS2_OVARY,ovary,ovary_adenocarcinoma,ovary_high_grade_serous,TRUE,PR500_ACH-000132
ACH-000274,HS852T_SKIN,skin,melanoma,,TRUE,PR500_ACH-000274
NA,NA,central_nervous_system,glioma,oligodendroglioma,FALSE,PR500_ACH-000539_FAILED_STR
NA,NA,central_nervous_system,glioma,oligodendroglioma,FALSE,PR500_ACH-000511_FAILED_STR
NA,NA,central_nervous_system,glioma,oligodendroglioma,FALSE,PR500_ACH-000807_FAILED_STR
NA,NA,central_nervous_system,glioma,oligodendroglioma,FALSE,PR500_ACH-000409_FAILED_STR
NA,NA,central_nervous_system,glioma,oligodendroglioma,FALSE,PR500_ACH-000028_FAILED_STR
NA,NA,central_nervous_system,glioma,oligodendroglioma,FALSE,PR500_ACH-000010_FAILED_STR
NA,NA,central_nervous_system,glioma,oligodendroglioma,FALSE,PR500_ACH-001078_FAILED_STR
NA,NA,central_nervous_system,glioma,oligodendroglioma,FALSE,PR500_ACH-000460_FAILED_STR
NA,NA,central_nervous_system,glioma,oligodendroglioma,FALSE,PR500_ACH-000925_FAILED_STR
NA,NA,central_nervous_system,glioma,oligodendroglioma,FALSE,PR500_ACH-000992_FAILED_STR
NA,NA,central_nervous_system,glioma,oligodendroglioma,FALSE,PR300_CONTROL_BARCODE_1
NA,NA,central_nervous_system,glioma,oligodendroglioma,FALSE,PR300_CONTROL_BARCODE_2
NA,NA,central_nervous_system,glioma,oligodendroglioma,FALSE,PR300_CONTROL_BARCODE_3
NA,NA,central_nervous_system,glioma,oligodendroglioma,FALSE,PR300_CONTROL_BARCODE_4
NA,NA,central_nervous_system,glioma,oligodendroglioma,FALSE,PR300_CONTROL_BARCODE_5
NA,NA,central_nervous_system,glioma,oligodendroglioma,FALSE,PR300_CONTROL_BARCODE_6
NA,NA,central_nervous_system,glioma,oligodendroglioma,FALSE,PR300_CONTROL_BARCODE_7
NA,NA,central_nervous_system,glioma,oligodendroglioma,FALSE,PR300_CONTROL_BARCODE_8
NA,NA,central_nervous_system,glioma,oligodendroglioma,FALSE,PR300_CONTROL_BARCODE_9
NA,NA,central_nervous_system,glioma,oligodendroglioma,FALSE,PR300_CONTROL_BARCODE_10
NA,NA,central_nervous_system,glioma,oligodendroglioma,FALSE,PR500_CONTROL_BARCODE_1
NA,NA,central_nervous_system,glioma,oligodendroglioma,FALSE,PR500_CONTROL_BARCODE_2
NA,NA,central_nervous_system,glioma,oligodendroglioma,FALSE,PR500_CONTROL_BARCODE_3
NA,NA,central_nervous_system,glioma,oligodendroglioma,FALSE,PR500_CONTROL_BARCODE_4
NA,NA,central_nervous_system,glioma,oligodendroglioma,FALSE,PR500_CONTROL_BARCODE_5
NA,NA,central_nervous_system,glioma,oligodendroglioma,FALSE,PR500_CONTROL_BARCODE_6
NA,NA,central_nervous_system,glioma,oligodendroglioma,FALSE,PR500_CONTROL_BARCODE_7
NA,NA,central_nervous_system,glioma,oligodendroglioma,FALSE,PR500_CONTROL_BARCODE_8
NA,NA,central_nervous_system,glioma,oligodendroglioma,FALSE,PR500_CONTROL_BARCODE_9
NA,NA,central_nervous_system,glioma,oligodendroglioma,FALSE,PR500_CONTROL_BARCODE_10
ACH-000624,HCC1806_BREAST,breast,TNBC,,TRUE,PR500_ACH-000624
ACH-000810,SKMEL30_SKIN,skin,melanoma,,TRUE,PR500_ACH-000810
ACH-000343,NCIH522_LUNG,lung,lung_NSC,lung_adenocarcinoma,TRUE,PR500_ACH-000343
ACH-000022,PATU8988S_PANCREAS,pancreas,,,TRUE,PR500_ACH-000022
ACH-000192,MFE280_ENDOMETRIUM,uterus,uterus_endometrium,,TRUE,PR500_ACH-000192
NA,NA,ovary,ovary_adenocarcinoma,ovary_high_grade_serous,FALSE,PR500_ACH-000539_FAILED_STR
NA,NA,ovary,ovary_adenocarcinoma,ovary_high_grade_serous,FALSE,PR500_ACH-000511_FAILED_STR
NA,NA,ovary,ovary_adenocarcinoma,ovary_high_grade_serous,FALSE,PR500_ACH-000807_FAILED_STR
NA,NA,ovary,ovary_adenocarcinoma,ovary_high_grade_serous,FALSE,PR500_ACH-000409_FAILED_STR
NA,NA,ovary,ovary_adenocarcinoma,ovary_high_grade_serous,FALSE,PR500_ACH-000028_FAILED_STR
NA,NA,ovary,ovary_adenocarcinoma,ovary_high_grade_serous,FALSE,PR500_ACH-000010_FAILED_STR
NA,NA,ovary,ovary_adenocarcinoma,ovary_high_grade_serous,FALSE,PR500_ACH-001078_FAILED_STR
NA,NA,ovary,ovary_adenocarcinoma,ovary_high_grade_serous,FALSE,PR500_ACH-000460_FAILED_STR
NA,NA,ovary,ovary_adenocarcinoma,ovary_high_grade_serous,FALSE,PR500_ACH-000925_FAILED_STR
NA,NA,ovary,ovary_adenocarcinoma,ovary_high_grade_serous,FALSE,PR500_ACH-000992_FAILED_STR
NA,NA,ovary,ovary_adenocarcinoma,ovary_high_grade_serous,FALSE,PR300_CONTROL_BARCODE_1
NA,NA,ovary,ovary_adenocarcinoma,ovary_high_grade_serous,FALSE,PR300_CONTROL_BARCODE_2
NA,NA,ovary,ovary_adenocarcinoma,ovary_high_grade_serous,FALSE,PR300_CONTROL_BARCODE_3
NA,NA,ovary,ovary_adenocarcinoma,ovary_high_grade_serous,FALSE,PR300_CONTROL_BARCODE_4
NA,NA,ovary,ovary_adenocarcinoma,ovary_high_grade_serous,FALSE,PR300_CONTROL_BARCODE_5
NA,NA,ovary,ovary_adenocarcinoma,ovary_high_grade_serous,FALSE,PR300_CONTROL_BARCODE_6
NA,NA,ovary,ovary_adenocarcinoma,ovary_high_grade_serous,FALSE,PR300_CONTROL_BARCODE_7
NA,NA,ovary,ovary_adenocarcinoma,ovary_high_grade_serous,FALSE,PR300_CONTROL_BARCODE_8
NA,NA,ovary,ovary_adenocarcinoma,ovary_high_grade_serous,FALSE,PR300_CONTROL_BARCODE_9
NA,NA,ovary,ovary_adenocarcinoma,ovary_high_grade_serous,FALSE,PR300_CONTROL_BARCODE_10
NA,NA,ovary,ovary_adenocarcinoma,ovary_high_grade_serous,FALSE,PR500_CONTROL_BARCODE_1
NA,NA,ovary,ovary_adenocarcinoma,ovary_high_grade_serous,FALSE,PR500_CONTROL_BARCODE_2
NA,NA,ovary,ovary_adenocarcinoma,ovary_high_grade_serous,FALSE,PR500_CONTROL_BARCODE_3
NA,NA,ovary,ovary_adenocarcinoma,ovary_high_grade_serous,FALSE,PR500_CONTROL_BARCODE_4
NA,NA,ovary,ovary_adenocarcinoma,ovary_high_grade_serous,FALSE,PR500_CONTROL_BARCODE_5
NA,NA,ovary,ovary_adenocarcinoma,ovary_high_grade_serous,FALSE,PR500_CONTROL_BARCODE_6
NA,NA,ovary,ovary_adenocarcinoma,ovary_high_grade_serous,FALSE,PR500_CONTROL_BARCODE_7
NA,NA,ovary,ovary_adenocarcinoma,ovary_high_grade_serous,FALSE,PR500_CONTROL_BARCODE_8
NA,NA,ovary,ovary_adenocarcinoma,ovary_high_grade_serous,FALSE,PR500_CONTROL_BARCODE_9
NA,NA,ovary,ovary_adenocarcinoma,ovary_high_grade_serous,FALSE,PR500_CONTROL_BARCODE_10
ACH-000959,SNUC4_LARGE_INTESTINE,colorectal,colorectal_MSI,,TRUE,PR500_ACH-000959
NA,NA,breast,ERpos,,FALSE,PR500_ACH-000539_FAILED_STR
NA,NA,breast,ERpos,,FALSE,PR500_ACH-000511_FAILED_STR
NA,NA,breast,ERpos,,FALSE,PR500_ACH-000807_FAILED_STR
NA,NA,breast,ERpos,,FALSE,PR500_ACH-000409_FAILED_STR
NA,NA,breast,ERpos,,FALSE,PR500_ACH-000028_FAILED_STR
NA,NA,breast,ERpos,,FALSE,PR500_ACH-000010_FAILED_STR
NA,NA,breast,ERpos,,FALSE,PR500_ACH-001078_FAILED_STR
NA,NA,breast,ERpos,,FALSE,PR500_ACH-000460_FAILED_STR
NA,NA,breast,ERpos,,FALSE,PR500_ACH-000925_FAILED_STR
NA,NA,breast,ERpos,,FALSE,PR500_ACH-000992_FAILED_STR
NA,NA,breast,ERpos,,FALSE,PR300_CONTROL_BARCODE_1
NA,NA,breast,ERpos,,FALSE,PR300_CONTROL_BARCODE_2
NA,NA,breast,ERpos,,FALSE,PR300_CONTROL_BARCODE_3
NA,NA,breast,ERpos,,FALSE,PR300_CONTROL_BARCODE_4
NA,NA,breast,ERpos,,FALSE,PR300_CONTROL_BARCODE_5
NA,NA,breast,ERpos,,FALSE,PR300_CONTROL_BARCODE_6
NA,NA,breast,ERpos,,FALSE,PR300_CONTROL_BARCODE_7
NA,NA,breast,ERpos,,FALSE,PR300_CONTROL_BARCODE_8
NA,NA,breast,ERpos,,FALSE,PR300_CONTROL_BARCODE_9
NA,NA,breast,ERpos,,FALSE,PR300_CONTROL_BARCODE_10
NA,NA,breast,ERpos,,FALSE,PR500_CONTROL_BARCODE_1
NA,NA,breast,ERpos,,FALSE,PR500_CONTROL_BARCODE_2
NA,NA,breast,ERpos,,FALSE,PR500_CONTROL_BARCODE_3
NA,NA,breast,ERpos,,FALSE,PR500_CONTROL_BARCODE_4
NA,NA,breast,ERpos,,FALSE,PR500_CONTROL_BARCODE_5
NA,NA,breast,ERpos,,FALSE,PR500_CONTROL_BARCODE_6
NA,NA,breast,ERpos,,FALSE,PR500_CONTROL_BARCODE_7
NA,NA,breast,ERpos,,FALSE,PR500_CONTROL_BARCODE_8
NA,NA,breast,ERpos,,FALSE,PR500_CONTROL_BARCODE_9
NA,NA,breast,ERpos,,FALSE,PR500_CONTROL_BARCODE_10
ACH-000637,KYSE520_OESOPHAGUS,esophagus,esophagus_squamous,,TRUE,PR500_ACH-000637
ACH-000968,COLO792_SKIN,skin,melanoma,,TRUE,PR500_ACH-000968
ACH-000155,SW1990_PANCREAS,pancreas,,,TRUE,PR500_ACH-000155
ACH-000888,NCIH1793_LUNG,lung,lung_NSC,lung_adenocarcinoma,TRUE,PR500_ACH-000888
ACH-000133,HS729_SOFT_TISSUE,fibroblast,,,TRUE,PR500_ACH-000133
ACH-000133,HS729_SOFT_TISSUE,fibroblast,,,TRUE,PR300_ACH-000133
ACH-000605,TE6_OESOPHAGUS,esophagus,esophagus_squamous,,TRUE,PR500_ACH-000605
ACH-000775,NCIH727_LUNG,lung,lung_NSC,,TRUE,PR500_ACH-000775
ACH-000042,PANC0203_PANCREAS,pancreas,,,TRUE,PR500_ACH-000042
ACH-000860,NCIH358_LUNG,lung,lung_NSC,lung_adenocarcinoma,TRUE,PR500_ACH-000860
ACH-000994,HEC59_ENDOMETRIUM,uterus,uterus_endometrium,,TRUE,PR500_ACH-000994
ACH-000277,HCC1419_BREAST,breast,HER2Amp,,TRUE,PR500_ACH-000277
ACH-000496,NCIH1792_LUNG,lung,lung_NSC,lung_adenocarcinoma,TRUE,PR500_ACH-000496
ACH-000866,NCIH1048_LUNG,lung,lung_small,,TRUE,PR500_ACH-000866
ACH-000869,NCIH1568_LUNG,lung,lung_NSC,lung_adenocarcinoma,TRUE,PR500_ACH-000869
ACH-000449,MESSA_SOFT_TISSUE,uterus,uterine_sarcoma,,TRUE,PR500_ACH-000449
ACH-000117,EFM192A_BREAST,breast,TPBC,,TRUE,PR500_ACH-000117
ACH-000678,MKN7_STOMACH,gastric,gastric_adenocarcinoma,,TRUE,PR500_ACH-000678
ACH-000493,SNU423_LIVER,liver,,,TRUE,PR500_ACH-000493
ACH-000468,PK45H_PANCREAS,pancreas,,,TRUE,PR500_ACH-000468
ACH-000097,ZR751_BREAST,breast,ERpos,,TRUE,PR500_ACH-000097
ACH-000313,KMRC3_KIDNEY,kidney,renal,,TRUE,PR500_ACH-000313
ACH-000169,RD_SOFT_TISSUE,rhabdomyosarcoma,,,TRUE,PR500_ACH-000169
ACH-000169,RD_SOFT_TISSUE,rhabdomyosarcoma,,,TRUE,PR300_ACH-000169
NA,NA,lung,lung_NSC,lung_adenocarcinoma,FALSE,PR500_ACH-000539_FAILED_STR
NA,NA,lung,lung_NSC,lung_adenocarcinoma,FALSE,PR500_ACH-000511_FAILED_STR
NA,NA,lung,lung_NSC,lung_adenocarcinoma,FALSE,PR500_ACH-000807_FAILED_STR
NA,NA,lung,lung_NSC,lung_adenocarcinoma,FALSE,PR500_ACH-000409_FAILED_STR
NA,NA,lung,lung_NSC,lung_adenocarcinoma,FALSE,PR500_ACH-000028_FAILED_STR
NA,NA,lung,lung_NSC,lung_adenocarcinoma,FALSE,PR500_ACH-000010_FAILED_STR
NA,NA,lung,lung_NSC,lung_adenocarcinoma,FALSE,PR500_ACH-001078_FAILED_STR
NA,NA,lung,lung_NSC,lung_adenocarcinoma,FALSE,PR500_ACH-000460_FAILED_STR
NA,NA,lung,lung_NSC,lung_adenocarcinoma,FALSE,PR500_ACH-000925_FAILED_STR
NA,NA,lung,lung_NSC,lung_adenocarcinoma,FALSE,PR500_ACH-000992_FAILED_STR
NA,NA,lung,lung_NSC,lung_adenocarcinoma,FALSE,PR300_CONTROL_BARCODE_1
NA,NA,lung,lung_NSC,lung_adenocarcinoma,FALSE,PR300_CONTROL_BARCODE_2
NA,NA,lung,lung_NSC,lung_adenocarcinoma,FALSE,PR300_CONTROL_BARCODE_3
NA,NA,lung,lung_NSC,lung_adenocarcinoma,FALSE,PR300_CONTROL_BARCODE_4
NA,NA,lung,lung_NSC,lung_adenocarcinoma,FALSE,PR300_CONTROL_BARCODE_5
NA,NA,lung,lung_NSC,lung_adenocarcinoma,FALSE,PR300_CONTROL_BARCODE_6
NA,NA,lung,lung_NSC,lung_adenocarcinoma,FALSE,PR300_CONTROL_BARCODE_7
NA,NA,lung,lung_NSC,lung_adenocarcinoma,FALSE,PR300_CONTROL_BARCODE_8
NA,NA,lung,lung_NSC,lung_adenocarcinoma,FALSE,PR300_CONTROL_BARCODE_9
NA,NA,lung,lung_NSC,lung_adenocarcinoma,FALSE,PR300_CONTROL_BARCODE_10
NA,NA,lung,lung_NSC,lung_adenocarcinoma,FALSE,PR500_CONTROL_BARCODE_1
NA,NA,lung,lung_NSC,lung_adenocarcinoma,FALSE,PR500_CONTROL_BARCODE_2
NA,NA,lung,lung_NSC,lung_adenocarcinoma,FALSE,PR500_CONTROL_BARCODE_3
NA,NA,lung,lung_NSC,lung_adenocarcinoma,FALSE,PR500_CONTROL_BARCODE_4
NA,NA,lung,lung_NSC,lung_adenocarcinoma,FALSE,PR500_CONTROL_BARCODE_5
NA,NA,lung,lung_NSC,lung_adenocarcinoma,FALSE,PR500_CONTROL_BARCODE_6
NA,NA,lung,lung_NSC,lung_adenocarcinoma,FALSE,PR500_CONTROL_BARCODE_7
NA,NA,lung,lung_NSC,lung_adenocarcinoma,FALSE,PR500_CONTROL_BARCODE_8
NA,NA,lung,lung_NSC,lung_adenocarcinoma,FALSE,PR500_CONTROL_BARCODE_9
NA,NA,lung,lung_NSC,lung_adenocarcinoma,FALSE,PR500_CONTROL_BARCODE_10
ACH-000895,CL34_LARGE_INTESTINE,colorectal,colorectal_MSI,,TRUE,PR500_ACH-000895
ACH-000841,NCIH2087_LUNG,lung,lung_NSC,lung_adenocarcinoma,TRUE,PR500_ACH-000841
ACH-000587,NCIH1975_LUNG,lung,lung_NSC,lung_adenocarcinoma,TRUE,PR500_ACH-000587
ACH-000414,NCIH1944_LUNG,lung,lung_NSC,lung_adenocarcinoma,TRUE,PR500_ACH-000414
ACH-000026,253JBV_URINARY_TRACT,urinary_tract,,,TRUE,PR500_ACH-000026
ACH-000649,786O_KIDNEY,kidney,,,TRUE,PR500_ACH-000649
ACH-000966,IGROV1_OVARY,ovary,ovary_adenocarcinoma,ovary_endometrioid,TRUE,PR500_ACH-000966
ACH-000950,LOVO_LARGE_INTESTINE,colorectal,colorectal_MSI,,TRUE,PR500_ACH-000950
ACH-000750,LOXIMVI_SKIN,skin,melanoma,,TRUE,PR500_ACH-000750
ACH-000958,SW48_LARGE_INTESTINE,colorectal,colorectal_MSI,,TRUE,PR500_ACH-000958
ACH-000270,HPAC_PANCREAS,pancreas,,,TRUE,PR500_ACH-000270
ACH-000535,BXPC3_PANCREAS,pancreas,,,TRUE,PR500_ACH-000535
ACH-000480,HUH7_LIVER,liver,,,TRUE,PR500_ACH-000480
ACH-000879,MFE296_ENDOMETRIUM,uterus,uterus_endometrium,,TRUE,PR500_ACH-000879
ACH-000281,KP2_PANCREAS,pancreas,,,TRUE,PR500_ACH-000281
ACH-000897,FTC238_THYROID,thyroid,,,TRUE,PR500_ACH-000897
ACH-000389,H4_CENTRAL_NERVOUS_SYSTEM,central_nervous_system,glioma,,TRUE,PR500_ACH-000389
ACH-000862,KMBC2_URINARY_TRACT,urinary_tract,,,TRUE,PR500_ACH-000862
ACH-000776,ONS76_CENTRAL_NERVOUS_SYSTEM,central_nervous_system,medulloblastoma,non-MYC,TRUE,PR500_ACH-000776
ACH-000776,ONS76_CENTRAL_NERVOUS_SYSTEM,central_nervous_system,medulloblastoma,non-MYC,TRUE,PR300_ACH-000776
ACH-000023,PATU8988T_PANCREAS,pancreas,,,TRUE,PR500_ACH-000023
ACH-000011,253J_URINARY_TRACT,urinary_tract,,,TRUE,PR500_ACH-000011
ACH-000973,639V_URINARY_TRACT,urinary_tract,,,TRUE,PR500_ACH-000973
ACH-001024,CHL1_SKIN,skin,melanoma,,TRUE,PR500_ACH-001024
ACH-000971,HCT116_LARGE_INTESTINE,colorectal,colorectal_MSI,,TRUE,PR500_ACH-000971
ACH-000873,KYSE270_OESOPHAGUS,esophagus,esophagus_squamous,,TRUE,PR500_ACH-000873
ACH-000486,KU1919_URINARY_TRACT,urinary_tract,,,TRUE,PR500_ACH-000486
ACH-000997,HCT15_LARGE_INTESTINE,colorectal,colorectal_MSI,,TRUE,PR500_ACH-000997
ACH-000552,HT29_LARGE_INTESTINE,colorectal,,,TRUE,PR500_ACH-000552
ACH-000796,MCAS_OVARY,ovary,ovary_adenocarcinoma,ovary_mucinous,TRUE,PR500_ACH-000796
ACH-000652,SUIT2_PANCREAS,pancreas,,,TRUE,PR500_ACH-000652
ACH-000452,TE8_OESOPHAGUS,esophagus,esophagus_squamous,,TRUE,PR500_ACH-000452
ACH-000458,CJM_SKIN,skin,melanoma,,TRUE,PR500_ACH-000458
ACH-000221,SNU398_LIVER,liver,,,TRUE,PR500_ACH-000221
ACH-000970,SNUC5_LARGE_INTESTINE,colorectal,,,TRUE,PR500_ACH-000970
ACH-000893,NCIH1651_LUNG,lung,lung_NSC,lung_adenocarcinoma,TRUE,PR500_ACH-000893
ACH-000855,KYSE150_OESOPHAGUS,esophagus,esophagus_squamous,,TRUE,PR500_ACH-000855
ACH-000562,HCC78_LUNG,lung,lung_NSC,lung_adenocarcinoma,TRUE,PR500_ACH-000562
ACH-000769,LK2_LUNG,lung,lung_NSC,lung_squamous,TRUE,PR500_ACH-000769
ACH-000384,SW780_URINARY_TRACT,urinary_tract,,,TRUE,PR500_ACH-000384
ACH-000917,TE4_OESOPHAGUS,esophagus,esophagus_squamous,,TRUE,PR500_ACH-000917
ACH-000505,RKN_SOFT_TISSUE,soft_tissue,leiomyosarcoma,,TRUE,PR500_ACH-000505
ACH-000765,WM983B_SKIN,skin,melanoma,,TRUE,PR500_ACH-000765
ACH-000858,KNS62_LUNG,lung,lung_NSC,lung_squamous,TRUE,PR500_ACH-000858
ACH-000595,LN229_CENTRAL_NERVOUS_SYSTEM,central_nervous_system,glioma,glioblastoma,TRUE,PR500_ACH-000595
ACH-000052,A673_BONE,bone,Ewing_sarcoma,,TRUE,PR500_ACH-000052
ACH-000052,A673_BONE,bone,Ewing_sarcoma,,TRUE,PR300_ACH-000052
ACH-000979,DU145_PROSTATE,prostate,,,TRUE,PR500_ACH-000979
ACH-000320,PSN1_PANCREAS,pancreas,,,TRUE,PR500_ACH-000320
ACH-000571,T98G_CENTRAL_NERVOUS_SYSTEM,central_nervous_system,glioma,glioblastoma,TRUE,PR500_ACH-000571
ACH-000812,COLO783_SKIN,skin,melanoma,,TRUE,PR500_ACH-000812
ACH-000891,HCC1438_LUNG,lung,lung_NSC,lung_large,TRUE,PR500_ACH-000891
ACH-000667,HCC44_LUNG,lung,lung_NSC,lung_adenocarcinoma,TRUE,PR500_ACH-000667
ACH-000734,JHH5_LIVER,liver,,,TRUE,PR500_ACH-000734
ACH-000416,NCIH838_LUNG,lung,lung_NSC,lung_adenocarcinoma,TRUE,PR500_ACH-000416
ACH-000802,BFTC905_URINARY_TRACT,urinary_tract,,,TRUE,PR500_ACH-000802
ACH-000946,HEC265_ENDOMETRIUM,uterus,uterus_endometrium,,TRUE,PR500_ACH-000946
ACH-000472,HSC2_UPPER_AERODIGESTIVE_TRACT,upper_aerodigestive,upper_aerodigestive_squamous,,TRUE,PR500_ACH-000472
ACH-000962,OC314_OVARY,ovary,ovary_adenocarcinoma,ovary_serous,TRUE,PR500_ACH-000962
ACH-000756,GI1_CENTRAL_NERVOUS_SYSTEM,central_nervous_system,glioma,,TRUE,PR500_ACH-000756
ACH-001145,OC316_OVARY,ovary,ovary_adenocarcinoma,,TRUE,PR500_ACH-001145
ACH-000383,OE33_OESOPHAGUS,esophagus,esophagus_adenocarcinoma,,TRUE,PR500_ACH-000383
ACH-000846,FADU_UPPER_AERODIGESTIVE_TRACT,upper_aerodigestive,upper_aerodigestive_squamous,,TRUE,PR500_ACH-000846
ACH-000359,MG63_BONE,bone,osteosarcoma,,TRUE,PR500_ACH-000359
ACH-000359,MG63_BONE,bone,osteosarcoma,,TRUE,PR300_ACH-000359
ACH-000804,NB1_AUTONOMIC_GANGLIA,peripheral_nervous_system,neuroblastoma,,TRUE,PR500_ACH-000804
ACH-000804,NB1_AUTONOMIC_GANGLIA,peripheral_nervous_system,neuroblastoma,,TRUE,PR300_ACH-000804
ACH-000609,SF126_CENTRAL_NERVOUS_SYSTEM,central_nervous_system,glioma,astrocytoma,TRUE,PR500_ACH-000609
ACH-000682,SNU1066_UPPER_AERODIGESTIVE_TRACT,upper_aerodigestive,upper_aerodigestive_squamous,,TRUE,PR500_ACH-000682
ACH-000212,CAL120_BREAST,breast,TNBC,,TRUE,PR500_ACH-000212
ACH-000787,LXF289_LUNG,lung,lung_NSC,lung_adenocarcinoma,TRUE,PR500_ACH-000787
ACH-000987,MEWO_SKIN,skin,melanoma,,TRUE,PR500_ACH-000987
ACH-000974,SNGM_ENDOMETRIUM,uterus,uterus_endometrium,,TRUE,PR500_ACH-000974
ACH-000832,CAL27_UPPER_AERODIGESTIVE_TRACT,upper_aerodigestive,upper_aerodigestive_squamous,,TRUE,PR500_ACH-000832
ACH-000561,TT_OESOPHAGUS,esophagus,esophagus_squamous,,TRUE,PR500_ACH-000561
ACH-000305,ECGI10_OESOPHAGUS,esophagus,esophagus_squamous,,TRUE,PR500_ACH-000305
ACH-000753,JMSU1_URINARY_TRACT,urinary_tract,,,TRUE,PR500_ACH-000753
ACH-000138,CFPAC1_PANCREAS,pancreas,,,TRUE,PR500_ACH-000138
ACH-000046,ACHN_KIDNEY,kidney,,,TRUE,PR500_ACH-000046
ACH-000856,CAL51_BREAST,breast,TNBC,,TRUE,PR500_ACH-000856
ACH-000878,HCC15_LUNG,lung,lung_NSC,lung_squamous,TRUE,PR500_ACH-000878
ACH-000250,KMRC20_KIDNEY,kidney,,,TRUE,PR500_ACH-000250
ACH-000558,A172_CENTRAL_NERVOUS_SYSTEM,central_nervous_system,glioma,glioblastoma,TRUE,PR500_ACH-000558
ACH-000766,NCIH1648_LUNG,lung,lung_NSC,lung_adenocarcinoma,TRUE,PR500_ACH-000766
ACH-000404,K029AX_SKIN,skin,melanoma,,TRUE,PR500_ACH-000404
ACH-000813,T3M10_LUNG,lung,lung_NSC,lung_large,TRUE,PR500_ACH-000813
ACH-000311,NCIH2122_LUNG,lung,lung_NSC,lung_adenocarcinoma,TRUE,PR500_ACH-000311
ACH-000454,HCC95_LUNG,lung,lung_NSC,lung_squamous,TRUE,PR500_ACH-000454
ACH-000488,TE11_OESOPHAGUS,esophagus,esophagus_squamous,,TRUE,PR500_ACH-000488
ACH-000849,MDAMB468_BREAST,breast,TNBC,,TRUE,PR500_ACH-000849
ACH-000868,HCC1195_LUNG,lung,lung_NSC,lung_mixed,TRUE,PR500_ACH-000868
ACH-000978,EN_ENDOMETRIUM,uterus,uterus_endometrium,,TRUE,PR500_ACH-000978
ACH-000408,TE5_OESOPHAGUS,esophagus,esophagus_squamous,,TRUE,PR500_ACH-000408
ACH-000344,SNU668_STOMACH,gastric,gastric_adenocarcinoma,diffuse_gastric,TRUE,PR500_ACH-000344
ACH-000161,CORL105_LUNG,lung,lung_NSC,lung_adenocarcinoma,TRUE,PR500_ACH-000161
ACH-000835,GCT_SOFT_TISSUE,soft_tissue,pleomorphic_sarcoma,,TRUE,PR500_ACH-000835
ACH-000819,LN18_CENTRAL_NERVOUS_SYSTEM,central_nervous_system,glioma,glioblastoma,TRUE,PR500_ACH-000819
ACH-000062,RERFLCMS_LUNG,lung,lung_NSC,lung_adenocarcinoma,TRUE,PR500_ACH-000062
ACH-000473,RT112_URINARY_TRACT,urinary_tract,,,TRUE,PR500_ACH-000473
ACH-000593,BC3C_URINARY_TRACT,urinary_tract,,,TRUE,PR500_ACH-000593
ACH-000176,LOUNH91_LUNG,lung,lung_NSC,lung_squamous,TRUE,PR500_ACH-000176
ACH-000445,KNS60_CENTRAL_NERVOUS_SYSTEM,central_nervous_system,glioma,glioblastoma,TRUE,PR500_ACH-000445
ACH-000331,ISTMES2_PLEURA,mesothelioma,,,TRUE,PR500_ACH-000331
ACH-000163,SW579_THYROID,thyroid,,,TRUE,PR500_ACH-000163
ACH-000768,MDAMB231_BREAST,breast,TNBC,,TRUE,PR500_ACH-000768
ACH-000778,HSC3_UPPER_AERODIGESTIVE_TRACT,upper_aerodigestive,upper_aerodigestive_squamous,,TRUE,PR500_ACH-000778
ACH-000881,MELJUSO_SKIN,skin,melanoma,,TRUE,PR500_ACH-000881
ACH-000521,NCIH2030_LUNG,lung,lung_NSC,lung_adenocarcinoma,TRUE,PR500_ACH-000521
ACH-000696,OVCAR8_OVARY,ovary,ovary_adenocarcinoma,ovary_high_grade_serous,TRUE,PR500_ACH-000696
ACH-000913,ESS1_ENDOMETRIUM,uterus,uterus_endometrium,,TRUE,PR500_ACH-000913
ACH-000030,PC14_LUNG,lung,lung_NSC,lung_adenocarcinoma,TRUE,PR500_ACH-000030
ACH-000972,HEC151_ENDOMETRIUM,uterus,uterus_endometrium,,TRUE,PR500_ACH-000972
ACH-000242,RT4_URINARY_TRACT,urinary_tract,,,TRUE,PR500_ACH-000242
ACH-000087,SKES1_BONE,bone,Ewing_sarcoma,,TRUE,PR500_ACH-000087
ACH-000087,SKES1_BONE,bone,Ewing_sarcoma,,TRUE,PR300_ACH-000087
ACH-000926,HT55_LARGE_INTESTINE,colorectal,,,TRUE,PR500_ACH-000926
ACH-000356,MKN45_STOMACH,gastric,gastric_adenocarcinoma,diffuse_gastric,TRUE,PR500_ACH-000356
ACH-000625,HEP3B217_LIVER,liver,,,TRUE,PR500_ACH-000625
ACH-000613,HOS_BONE,bone,osteosarcoma,,TRUE,PR500_ACH-000613
ACH-000613,HOS_BONE,bone,osteosarcoma,,TRUE,PR300_ACH-000613
ACH-000976,HUCCT1_BILIARY_TRACT,bile_duct,cholangiocarcinoma,intrahepatic,TRUE,PR500_ACH-000976
ACH-001075,NCIH292_LUNG,lung,lung_NSC,,TRUE,PR500_ACH-001075
ACH-000632,HS944T_SKIN,skin,melanoma,,TRUE,PR500_ACH-000632
ACH-000261,RERFLCAI_LUNG,lung,lung_NSC,lung_squamous,TRUE,PR500_ACH-000261
ACH-000957,LS180_LARGE_INTESTINE,colorectal,colorectal_MSI,,TRUE,PR500_ACH-000957
ACH-000099,SIMA_AUTONOMIC_GANGLIA,peripheral_nervous_system,neuroblastoma,,TRUE,PR500_ACH-000099
ACH-000783,CAMA1_BREAST,breast,ERpos,,TRUE,PR500_ACH-000783
ACH-000573,MDAMB436_BREAST,breast,TNBC,,TRUE,PR500_ACH-000573
ACH-000852,NCIH1435_LUNG,lung,lung_NSC,lung_adenocarcinoma,TRUE,PR500_ACH-000852
ACH-000461,SNU1196_BILIARY_TRACT,bile_duct,cholangiocarcinoma,extrahepatic,TRUE,PR500_ACH-000461
ACH-000420,SNU449_LIVER,liver,,,TRUE,PR500_ACH-000420
ACH-000694,TE9_OESOPHAGUS,esophagus,esophagus_squamous,,TRUE,PR500_ACH-000694
ACH-000528,ABC1_LUNG,lung,lung_NSC,lung_adenocarcinoma,TRUE,PR500_ACH-000528
ACH-000845,NCIH1373_LUNG,lung,lung_NSC,lung_adenocarcinoma,TRUE,PR500_ACH-000845
ACH-000563,EBC1_LUNG,lung,lung_NSC,lung_squamous,TRUE,PR500_ACH-000563
ACH-000665,SKMES1_LUNG,lung,lung_NSC,lung_squamous,TRUE,PR500_ACH-000665
ACH-000467,HCC56_LARGE_INTESTINE,colorectal,,,TRUE,PR500_ACH-000467
ACH-000201,A204_SOFT_TISSUE,rhabdoid,,,TRUE,PR500_ACH-000201
ACH-000201,A204_SOFT_TISSUE,rhabdoid,,,TRUE,PR300_ACH-000201
ACH-000296,OUMS23_LARGE_INTESTINE,colorectal,,,TRUE,PR500_ACH-000296
ACH-000207,DETROIT562_UPPER_AERODIGESTIVE_TRACT,upper_aerodigestive,upper_aerodigestive_squamous,,TRUE,PR500_ACH-000207
ACH-000735,PECAPJ49_UPPER_AERODIGESTIVE_TRACT,upper_aerodigestive,upper_aerodigestive_squamous,,TRUE,PR500_ACH-000735
ACH-000437,SW1088_CENTRAL_NERVOUS_SYSTEM,central_nervous_system,glioma,,TRUE,PR500_ACH-000437
ACH-000456,BCPAP_THYROID,thyroid,,,TRUE,PR500_ACH-000456
ACH-000781,NCIH2023_LUNG,lung,lung_NSC,lung_adenocarcinoma,TRUE,PR500_ACH-000781
ACH-000643,HDQP1_BREAST,breast,TNBC,,TRUE,PR500_ACH-000643
ACH-000833,RH30_SOFT_TISSUE,rhabdomyosarcoma,,,TRUE,PR500_ACH-000833
ACH-000833,RH30_SOFT_TISSUE,rhabdomyosarcoma,,,TRUE,PR300_ACH-000833
ACH-000771,BICR56_UPPER_AERODIGESTIVE_TRACT,upper_aerodigestive,upper_aerodigestive_squamous,,TRUE,PR500_ACH-000771
ACH-000991,SNU81_LARGE_INTESTINE,colorectal,,,TRUE,PR500_ACH-000991
ACH-000159,OSRC2_KIDNEY,kidney,,,TRUE,PR500_ACH-000159
ACH-000948,2313287_STOMACH,gastric,gastric_adenocarcinoma,,TRUE,PR500_ACH-000948
ACH-000481,NCIH2170_LUNG,lung,lung_NSC,lung_squamous,TRUE,PR500_ACH-000481
ACH-000118,HUPT3_PANCREAS,pancreas,,,TRUE,PR500_ACH-000118
ACH-000352,HCC1428_BREAST,breast,ERpos,,TRUE,PR500_ACH-000352
ACH-000945,NCIH650_LUNG,lung,lung_NSC,lung_adenocarcinoma,TRUE,PR500_ACH-000945
ACH-000929,NCIH2110_LUNG,lung,lung_NSC,,TRUE,PR500_ACH-000929
ACH-000681,A549_LUNG,lung,lung_NSC,lung_adenocarcinoma,TRUE,PR500_ACH-000681
ACH-000137,8MGBA_CENTRAL_NERVOUS_SYSTEM,central_nervous_system,glioma,astrocytoma,TRUE,PR500_ACH-000137
ACH-000482,RERFLCKJ_LUNG,lung,lung_NSC,lung_adenocarcinoma,TRUE,PR500_ACH-000482
ACH-000235,PANC0403_PANCREAS,pancreas,,,TRUE,PR500_ACH-000235
ACH-000900,NCIH23_LUNG,lung,lung_NSC,lung_adenocarcinoma,TRUE,PR500_ACH-000900
ACH-000911,NUGC3_STOMACH,gastric,gastric_adenocarcinoma,,TRUE,PR500_ACH-000911
ACH-000479,KNS81_CENTRAL_NERVOUS_SYSTEM,central_nervous_system,glioma,glioblastoma,TRUE,PR500_ACH-000479
ACH-000319,MPP89_PLEURA,mesothelioma,,,TRUE,PR500_ACH-000319
ACH-000401,COLO800_SKIN,skin,melanoma,,TRUE,PR500_ACH-000401
ACH-000915,IPC298_SKIN,skin,melanoma,,TRUE,PR500_ACH-000915
ACH-000982,GP2D_LARGE_INTESTINE,colorectal,colorectal_MSI,,TRUE,PR500_ACH-000982
ACH-000544,OE21_OESOPHAGUS,esophagus,esophagus_squamous,,TRUE,PR500_ACH-000544
ACH-000823,KYSE140_OESOPHAGUS,esophagus,esophagus_squamous,,TRUE,PR500_ACH-000823
ACH-000021,NCIH1693_LUNG,lung,lung_NSC,lung_adenocarcinoma,TRUE,PR500_ACH-000021
ACH-000047,GCIY_STOMACH,gastric,gastric_adenocarcinoma,,TRUE,PR500_ACH-000047
ACH-000276,HCC38_BREAST,breast,TNBC,,TRUE,PR500_ACH-000276
ACH-000092,NCIH2452_PLEURA,mesothelioma,,,TRUE,PR500_ACH-000092
ACH-000890,SW1271_LUNG,lung,lung_small,,TRUE,PR500_ACH-000890
ACH-000266,SNU213_PANCREAS,pancreas,,,TRUE,PR500_ACH-000266
ACH-000724,HT1376_URINARY_TRACT,urinary_tract,,,TRUE,PR500_ACH-000724
ACH-000996,HEC251_ENDOMETRIUM,uterus,uterus_endometrium,,TRUE,PR500_ACH-000996
ACH-000622,KNS42_CENTRAL_NERVOUS_SYSTEM,central_nervous_system,glioma,glioblastoma,TRUE,PR500_ACH-000622
ACH-000800,NCIH446_LUNG,lung,lung_small,,TRUE,PR500_ACH-000800
ACH-000899,WM88_SKIN,skin,melanoma,,TRUE,PR500_ACH-000899
NA,NA,fibroblast,,,FALSE,PR500_ACH-000539_FAILED_STR
NA,NA,fibroblast,,,FALSE,PR500_ACH-000511_FAILED_STR
NA,NA,fibroblast,,,FALSE,PR500_ACH-000807_FAILED_STR
NA,NA,fibroblast,,,FALSE,PR500_ACH-000409_FAILED_STR
NA,NA,fibroblast,,,FALSE,PR500_ACH-000028_FAILED_STR
NA,NA,fibroblast,,,FALSE,PR500_ACH-000010_FAILED_STR
NA,NA,fibroblast,,,FALSE,PR500_ACH-001078_FAILED_STR
NA,NA,fibroblast,,,FALSE,PR500_ACH-000460_FAILED_STR
NA,NA,fibroblast,,,FALSE,PR500_ACH-000925_FAILED_STR
NA,NA,fibroblast,,,FALSE,PR500_ACH-000992_FAILED_STR
NA,NA,fibroblast,,,FALSE,PR300_CONTROL_BARCODE_1
NA,NA,fibroblast,,,FALSE,PR300_CONTROL_BARCODE_2
NA,NA,fibroblast,,,FALSE,PR300_CONTROL_BARCODE_3
NA,NA,fibroblast,,,FALSE,PR300_CONTROL_BARCODE_4
NA,NA,fibroblast,,,FALSE,PR300_CONTROL_BARCODE_5
NA,NA,fibroblast,,,FALSE,PR300_CONTROL_BARCODE_6
NA,NA,fibroblast,,,FALSE,PR300_CONTROL_BARCODE_7
NA,NA,fibroblast,,,FALSE,PR300_CONTROL_BARCODE_8
NA,NA,fibroblast,,,FALSE,PR300_CONTROL_BARCODE_9
NA,NA,fibroblast,,,FALSE,PR300_CONTROL_BARCODE_10
NA,NA,fibroblast,,,FALSE,PR500_CONTROL_BARCODE_1
NA,NA,fibroblast,,,FALSE,PR500_CONTROL_BARCODE_2
NA,NA,fibroblast,,,FALSE,PR500_CONTROL_BARCODE_3
NA,NA,fibroblast,,,FALSE,PR500_CONTROL_BARCODE_4
NA,NA,fibroblast,,,FALSE,PR500_CONTROL_BARCODE_5
NA,NA,fibroblast,,,FALSE,PR500_CONTROL_BARCODE_6
NA,NA,fibroblast,,,FALSE,PR500_CONTROL_BARCODE_7
NA,NA,fibroblast,,,FALSE,PR500_CONTROL_BARCODE_8
NA,NA,fibroblast,,,FALSE,PR500_CONTROL_BARCODE_9
NA,NA,fibroblast,,,FALSE,PR500_CONTROL_BARCODE_10
ACH-000582,COLO741_SKIN,skin,melanoma,,TRUE,PR500_ACH-000582
ACH-000990,HEC108_ENDOMETRIUM,uterus,uterus_endometrium,,TRUE,PR500_ACH-000990
ACH-000019,MCF7_BREAST,breast,ERpos,,TRUE,PR500_ACH-000019
ACH-000260,SKNAS_AUTONOMIC_GANGLIA,peripheral_nervous_system,neuroblastoma,,TRUE,PR500_ACH-000260
ACH-000260,SKNAS_AUTONOMIC_GANGLIA,peripheral_nervous_system,neuroblastoma,,TRUE,PR300_ACH-000260
ACH-000273,SF539_CENTRAL_NERVOUS_SYSTEM,central_nervous_system,glioma,,TRUE,PR500_ACH-000273
ACH-000592,TM31_CENTRAL_NERVOUS_SYSTEM,central_nervous_system,glioma,,TRUE,PR500_ACH-000592
ACH-000848,JHH7_LIVER,liver,,,TRUE,PR500_ACH-000848
ACH-000785,NCIH2126_LUNG,lung,lung_NSC,lung_adenocarcinoma,TRUE,PR500_ACH-000785
ACH-000988,MFE319_ENDOMETRIUM,uterus,uterus_endometrium,,TRUE,PR500_ACH-000988
ACH-000403,NCIH747_LARGE_INTESTINE,colorectal,,,TRUE,PR500_ACH-000403
ACH-000630,YD8_UPPER_AERODIGESTIVE_TRACT,upper_aerodigestive,upper_aerodigestive_squamous,,TRUE,PR500_ACH-000630
ACH-000141,SNU308_BILIARY_TRACT,bile_duct,gallbladder,,TRUE,PR500_ACH-000141
ACH-000808,HUH28_BILIARY_TRACT,bile_duct,cholangiocarcinoma,intrahepatic,TRUE,PR500_ACH-000808
ACH-000040,U118MG_CENTRAL_NERVOUS_SYSTEM,central_nervous_system,glioma,astrocytoma,TRUE,PR500_ACH-000040
ACH-000715,SNU1214_UPPER_AERODIGESTIVE_TRACT,upper_aerodigestive,upper_aerodigestive_squamous,,TRUE,PR500_ACH-000715
ACH-000447,NCIH2228_LUNG,lung,lung_NSC,lung_adenocarcinoma,TRUE,PR500_ACH-000447
ACH-000186,NCIH2444_LUNG,lung,lung_NSC,,TRUE,PR500_ACH-000186
ACH-000984,HEC6_ENDOMETRIUM,uterus,uterus_endometrium,,TRUE,PR500_ACH-000984
ACH-000840,HCC366_LUNG,lung,lung_NSC,lung_mixed,TRUE,PR500_ACH-000840
ACH-000318,TE10_OESOPHAGUS,esophagus,esophagus_squamous,,TRUE,PR500_ACH-000318
ACH-000579,UACC257_SKIN,skin,melanoma,,TRUE,PR500_ACH-000579
ACH-001306,8305C_THYROID,thyroid,,,TRUE,PR500_ACH-001306
ACH-000919,IM95_STOMACH,gastric,gastric_adenocarcinoma,,TRUE,PR500_ACH-000919
ACH-000726,TE14_OESOPHAGUS,esophagus,esophagus_squamous,,TRUE,PR500_ACH-000726
ACH-000188,SCC25_UPPER_AERODIGESTIVE_TRACT,upper_aerodigestive,upper_aerodigestive_squamous,,TRUE,PR500_ACH-000188
ACH-000503,BICR16_UPPER_AERODIGESTIVE_TRACT,upper_aerodigestive,upper_aerodigestive_squamous,,TRUE,PR500_ACH-000503
ACH-000013,ONCODG1_OVARY,ovary,ovary_adenocarcinoma,ovary_high_grade_serous,TRUE,PR500_ACH-000013
ACH-000231,KALS1_CENTRAL_NERVOUS_SYSTEM,central_nervous_system,glioma,glioblastoma,TRUE,PR500_ACH-000231
ACH-000730,SKMEL5_SKIN,skin,melanoma,,TRUE,PR500_ACH-000730
ACH-000222,ASPC1_PANCREAS,pancreas,,,TRUE,PR500_ACH-000222
ACH-000500,SNU46_UPPER_AERODIGESTIVE_TRACT,upper_aerodigestive,upper_aerodigestive_squamous,,TRUE,PR500_ACH-000500
ACH-000411,769P_KIDNEY,kidney,,,TRUE,PR500_ACH-000411
ACH-000292,NCIH841_LUNG,lung,lung_small,,TRUE,PR500_ACH-000292
ACH-000822,SKMEL24_SKIN,skin,melanoma,,TRUE,PR500_ACH-000822
ACH-000618,SNU1041_UPPER_AERODIGESTIVE_TRACT,upper_aerodigestive,upper_aerodigestive_squamous,,TRUE,PR500_ACH-000618
ACH-000827,WM793_SKIN,skin,melanoma,,TRUE,PR500_ACH-000827
ACH-000278,COV362_OVARY,ovary,ovary_adenocarcinoma,ovary_high_grade_serous,TRUE,PR500_ACH-000278
ACH-000569,ISTMES1_PLEURA,mesothelioma,,,TRUE,PR500_ACH-000569
ACH-000139,PANC0327_PANCREAS,pancreas,,,TRUE,PR500_ACH-000139
ACH-000425,UACC62_SKIN,skin,melanoma,,TRUE,PR500_ACH-000425
ACH-000741,UBLC1_URINARY_TRACT,urinary_tract,,,TRUE,PR500_ACH-000741
ACH-000223,HCC1937_BREAST,breast,TNBC,,TRUE,PR500_ACH-000223
ACH-000477,MALME3M_SKIN,skin,melanoma,,TRUE,PR500_ACH-000477
ACH-000495,TUHR4TKB_KIDNEY,kidney,,,TRUE,PR500_ACH-000495
ACH-000434,NCIH1915_LUNG,lung,lung_NSC,lung_large,TRUE,PR500_ACH-000434
ACH-000107,CAPAN2_PANCREAS,pancreas,,,TRUE,PR500_ACH-000107
ACH-000744,NCIH1623_LUNG,lung,lung_NSC,lung_adenocarcinoma,TRUE,PR500_ACH-000744
ACH-000898,SNU719_STOMACH,gastric,gastric_adenocarcinoma,,TRUE,PR500_ACH-000898
ACH-000182,SNU869_BILIARY_TRACT,bile_duct,cholangiocarcinoma,extrahepatic,TRUE,PR500_ACH-000182
ACH-000516,CAL78_BONE,bone,chondrosarcoma,,TRUE,PR500_ACH-000516
ACH-000444,LU99_LUNG,lung,lung_NSC,lung_large,TRUE,PR500_ACH-000444
ACH-000666,NCIH1355_LUNG,lung,lung_NSC,lung_adenocarcinoma,TRUE,PR500_ACH-000666
ACH-000701,RMUGS_OVARY,ovary,ovary_adenocarcinoma,ovary_mucinous,TRUE,PR500_ACH-000701
ACH-000037,S117_THYROID,thyroid,thyroid_sarcoma,,TRUE,PR500_ACH-000037
ACH-000884,MDAMB435S_SKIN,skin,melanoma,,TRUE,PR500_ACH-000884
ACH-000014,HS294T_SKIN,skin,melanoma,,TRUE,PR500_ACH-000014
ACH-000502,TCCPAN2_PANCREAS,pancreas,,,TRUE,PR500_ACH-000502
ACH-000504,SNB75_CENTRAL_NERVOUS_SYSTEM,central_nervous_system,glioma,,TRUE,PR500_ACH-000504
ACH-000886,NCIH2009_LUNG,lung,lung_NSC,lung_adenocarcinoma,TRUE,PR500_ACH-000886
ACH-000843,HARA_LUNG,lung,lung_NSC,lung_squamous,TRUE,PR500_ACH-000843
ACH-000035,NCIH1650_LUNG,lung,lung_NSC,lung_adenocarcinoma,TRUE,PR500_ACH-000035
NA,NA,lung,lung_NSC,,FALSE,PR500_ACH-000539_FAILED_STR
NA,NA,lung,lung_NSC,,FALSE,PR500_ACH-000511_FAILED_STR
NA,NA,lung,lung_NSC,,FALSE,PR500_ACH-000807_FAILED_STR
NA,NA,lung,lung_NSC,,FALSE,PR500_ACH-000409_FAILED_STR
NA,NA,lung,lung_NSC,,FALSE,PR500_ACH-000028_FAILED_STR
NA,NA,lung,lung_NSC,,FALSE,PR500_ACH-000010_FAILED_STR
NA,NA,lung,lung_NSC,,FALSE,PR500_ACH-001078_FAILED_STR
NA,NA,lung,lung_NSC,,FALSE,PR500_ACH-000460_FAILED_STR
NA,NA,lung,lung_NSC,,FALSE,PR500_ACH-000925_FAILED_STR
NA,NA,lung,lung_NSC,,FALSE,PR500_ACH-000992_FAILED_STR
NA,NA,lung,lung_NSC,,FALSE,PR300_CONTROL_BARCODE_1
NA,NA,lung,lung_NSC,,FALSE,PR300_CONTROL_BARCODE_2
NA,NA,lung,lung_NSC,,FALSE,PR300_CONTROL_BARCODE_3
NA,NA,lung,lung_NSC,,FALSE,PR300_CONTROL_BARCODE_4
NA,NA,lung,lung_NSC,,FALSE,PR300_CONTROL_BARCODE_5
NA,NA,lung,lung_NSC,,FALSE,PR300_CONTROL_BARCODE_6
NA,NA,lung,lung_NSC,,FALSE,PR300_CONTROL_BARCODE_7
NA,NA,lung,lung_NSC,,FALSE,PR300_CONTROL_BARCODE_8
NA,NA,lung,lung_NSC,,FALSE,PR300_CONTROL_BARCODE_9
NA,NA,lung,lung_NSC,,FALSE,PR300_CONTROL_BARCODE_10
NA,NA,lung,lung_NSC,,FALSE,PR500_CONTROL_BARCODE_1
NA,NA,lung,lung_NSC,,FALSE,PR500_CONTROL_BARCODE_2
NA,NA,lung,lung_NSC,,FALSE,PR500_CONTROL_BARCODE_3
NA,NA,lung,lung_NSC,,FALSE,PR500_CONTROL_BARCODE_4
NA,NA,lung,lung_NSC,,FALSE,PR500_CONTROL_BARCODE_5
NA,NA,lung,lung_NSC,,FALSE,PR500_CONTROL_BARCODE_6
NA,NA,lung,lung_NSC,,FALSE,PR500_CONTROL_BARCODE_7
NA,NA,lung,lung_NSC,,FALSE,PR500_CONTROL_BARCODE_8
NA,NA,lung,lung_NSC,,FALSE,PR500_CONTROL_BARCODE_9
NA,NA,lung,lung_NSC,,FALSE,PR500_CONTROL_BARCODE_10
ACH-000661,WM1799_SKIN,skin,melanoma,,TRUE,PR500_ACH-000661
ACH-001239,WM2664_SKIN,skin,melanoma,,TRUE,PR500_ACH-001239
ACH-000517,SNU410_PANCREAS,pancreas,,,TRUE,PR500_ACH-000517
ACH-000527,OVISE_OVARY,ovary,ovary_adenocarcinoma,ovary_clear_cell,TRUE,PR500_ACH-000527
ACH-000374,HCC1143_BREAST,breast,TNBC,,TRUE,PR500_ACH-000374
ACH-000391,MHHES1_BONE,bone,Ewing_sarcoma,,TRUE,PR500_ACH-000391
ACH-000391,MHHES1_BONE,bone,Ewing_sarcoma,,TRUE,PR300_ACH-000391
ACH-000368,SNU1105_CENTRAL_NERVOUS_SYSTEM,central_nervous_system,glioma,glioblastoma,TRUE,PR500_ACH-000368
ACH-000189,RCC10RGB_KIDNEY,kidney,,,TRUE,PR500_ACH-000189
ACH-000791,RERFLCAD1_LUNG,lung,lung_NSC,lung_adenocarcinoma,TRUE,PR500_ACH-000791
ACH-000367,NCIH226_LUNG,lung,lung_NSC,lung_squamous,TRUE,PR500_ACH-000367
ACH-001190,SKMEL2_SKIN,skin,melanoma,,TRUE,PR500_ACH-001190
ACH-000450,MELHO_SKIN,skin,melanoma,,TRUE,PR500_ACH-000450
ACH-000244,DKMG_CENTRAL_NERVOUS_SYSTEM,central_nervous_system,glioma,glioblastoma,TRUE,PR500_ACH-000244
ACH-000713,CAOV3_OVARY,ovary,ovary_adenocarcinoma,ovary_high_grade_serous,TRUE,PR500_ACH-000713
ACH-000672,IALM_LUNG,lung,lung_NSC,lung_large,TRUE,PR500_ACH-000672
ACH-000875,NCIH2347_LUNG,lung,lung_NSC,lung_adenocarcinoma,TRUE,PR500_ACH-000875
ACH-000423,SKMEL3_SKIN,skin,melanoma,,TRUE,PR500_ACH-000423
ACH-000553,SQ1_LUNG,lung,lung_NSC,lung_squamous,TRUE,PR500_ACH-000553
ACH-000834,UMUC1_URINARY_TRACT,urinary_tract,,,TRUE,PR500_ACH-000834
ACH-000252,LS1034_LARGE_INTESTINE,colorectal,,,TRUE,PR500_ACH-000252
ACH-000123,COV434_OVARY,ovary,ovary_adenocarcinoma,ovary_endometrioid,TRUE,PR500_ACH-000123
ACH-000329,CCFSTTG1_CENTRAL_NERVOUS_SYSTEM,central_nervous_system,glioma,astrocytoma,TRUE,PR500_ACH-000329
ACH-000232,U251MG_CENTRAL_NERVOUS_SYSTEM,central_nervous_system,glioma,astrocytoma,TRUE,PR500_ACH-000232
ACH-000717,COLO680N_OESOPHAGUS,esophagus,esophagus_squamous,,TRUE,PR500_ACH-000717
ACH-000669,SW900_LUNG,lung,lung_NSC,lung_squamous,TRUE,PR500_ACH-000669
ACH-000764,SH10TC_STOMACH,gastric,gastric_adenocarcinoma,,TRUE,PR500_ACH-000764
ACH-000288,BT549_BREAST,breast,TNBC,,TRUE,PR500_ACH-000288
ACH-000415,BICR6_UPPER_AERODIGESTIVE_TRACT,upper_aerodigestive,upper_aerodigestive_squamous,,TRUE,PR500_ACH-000415
ACH-000228,BICR31_UPPER_AERODIGESTIVE_TRACT,upper_aerodigestive,upper_aerodigestive_squamous,,TRUE,PR500_ACH-000228
ACH-000977,LNCAPCLONEFGC_PROSTATE,prostate,,,TRUE,PR500_ACH-000977
ACH-000397,TEN_ENDOMETRIUM,uterus,uterus_endometrium,,TRUE,PR500_ACH-000397
ACH-000565,RCM1_LARGE_INTESTINE,colorectal,,,TRUE,PR500_ACH-000565
ACH-000209,SNU1079_BILIARY_TRACT,bile_duct,cholangiocarcinoma,intrahepatic,TRUE,PR500_ACH-000209
ACH-000711,JIMT1_BREAST,breast,HER2Amp,,TRUE,PR500_ACH-000711
ACH-000927,BT474_BREAST,breast,TPBC,,TRUE,PR500_ACH-000927
ACH-000308,EFO21_OVARY,ovary,ovary_adenocarcinoma,ovary_clear_cell,TRUE,PR500_ACH-000308
ACH-000091,OV56_OVARY,ovary,ovary_adenocarcinoma,,TRUE,PR500_ACH-000091
ACH-000759,MDAMB175VII_BREAST,breast,ERpos,,TRUE,PR500_ACH-000759
ACH-001321,TT_THYROID,thyroid,,,TRUE,PR500_ACH-001321
ACH-000417,PANC0813_PANCREAS,pancreas,,,TRUE,PR500_ACH-000417
ACH-000060,PANC1005_PANCREAS,pancreas,,,TRUE,PR500_ACH-000060
ACH-000172,TM87_SOFT_TISSUE,rhabdoid,,,TRUE,PR500_ACH-000172
ACH-000172,TM87_SOFT_TISSUE,rhabdoid,,,TRUE,PR300_ACH-000172
ACH-001128,MON_SOFT_TISSUE,rhabdoid,,,TRUE,PR500_ACH-001128
ACH-001128,MON_SOFT_TISSUE,rhabdoid,,,TRUE,PR300_ACH-001128
ACH-001192,SKNEP1_BONE,bone,Ewing_sarcoma,,TRUE,PR500_ACH-001192
ACH-001192,SKNEP1_BONE,bone,Ewing_sarcoma,,TRUE,PR300_ACH-001192
ACH-000747,NCIH1703_LUNG,lung,lung_NSC,lung_adenocarcinoma,TRUE,PR500_ACH-000747
ACH-000279,EWS502_BONE,bone,Ewing_sarcoma,,TRUE,PR500_ACH-000279
ACH-000279,EWS502_BONE,bone,Ewing_sarcoma,,TRUE,PR300_ACH-000279
ACH-000809,KYSE410_OESOPHAGUS,esophagus,esophagus_squamous,,TRUE,PR500_ACH-000809
ACH-000322,HT144_SKIN,skin,melanoma,,TRUE,PR500_ACH-000322
ACH-000142,CAL29_URINARY_TRACT,urinary_tract,,,TRUE,PR500_ACH-000142
ACH-000736,SNU601_STOMACH,gastric,gastric_adenocarcinoma,,TRUE,PR500_ACH-000736
ACH-000985,LS411N_LARGE_INTESTINE,colorectal,colorectal_MSI,,TRUE,PR500_ACH-000985
ACH-000364,U2OS_BONE,bone,osteosarcoma,,TRUE,PR500_ACH-000364
ACH-000364,U2OS_BONE,bone,osteosarcoma,,TRUE,PR300_ACH-000364
ACH-000956,22RV1_PROSTATE,prostate,,,TRUE,PR500_ACH-000956
ACH-000679,OE19_OESOPHAGUS,esophagus,esophagus_squamous,,TRUE,PR500_ACH-000679
ACH-000441,SH4_SKIN,skin,melanoma,,TRUE,PR500_ACH-000441
ACH-000853,NCIH661_LUNG,lung,lung_NSC,lung_large,TRUE,PR500_ACH-000853
ACH-001113,LC1SQSF_LUNG,lung,lung_NSC,lung_squamous,TRUE,PR500_ACH-001113
ACH-000620,JHH1_LIVER,liver,,,TRUE,PR500_ACH-000620
ACH-000648,NCIH28_PLEURA,mesothelioma,,,TRUE,PR500_ACH-000648
ACH-000905,5637_URINARY_TRACT,urinary_tract,,,TRUE,PR500_ACH-000905
ACH-000102,GMS10_CENTRAL_NERVOUS_SYSTEM,central_nervous_system,glioma,glioblastoma,TRUE,PR500_ACH-000102
ACH-000542,HEYA8_OVARY,ovary,ovary_adenocarcinoma,ovary_low_grade_serous,TRUE,PR500_ACH-000542
ACH-000943,RKO_LARGE_INTESTINE,colorectal,colorectal_MSI,,TRUE,PR500_ACH-000943
ACH-000174,CAL62_THYROID,thyroid,,,TRUE,PR500_ACH-000174
ACH-000393,HLF_LIVER,liver,,,TRUE,PR500_ACH-000393
ACH-000680,SW948_LARGE_INTESTINE,colorectal,,,TRUE,PR500_ACH-000680
ACH-000018,T24_URINARY_TRACT,urinary_tract,,,TRUE,PR500_ACH-000018
ACH-000906,ES2_OVARY,ovary,ovary_adenocarcinoma,ovary_clear_cell,TRUE,PR500_ACH-000906
ACH-000836,YD15_SALIVARY_GLAND,upper_aerodigestive,upper_aerodigestive_squamous,,TRUE,PR500_ACH-000836
ACH-000784,KYSE70_OESOPHAGUS,esophagus,esophagus_squamous,,TRUE,PR500_ACH-000784
ACH-000265,KP4_PANCREAS,pancreas,,,TRUE,PR500_ACH-000265
ACH-000657,A2780_OVARY,ovary,ovary_adenocarcinoma,ovary_endometrioid,TRUE,PR500_ACH-000657
ACH-000880,AGS_STOMACH,gastric,gastric_adenocarcinoma,,TRUE,PR500_ACH-000880
ACH-000961,ISHIKAWAHERAKLIO02ER_ENDOMETRIUM,uterus,uterus_endometrium,,TRUE,PR500_ACH-000961
ACH-000847,HGC27_STOMACH,gastric,,,TRUE,PR500_ACH-000847
ACH-000896,647V_URINARY_TRACT,urinary_tract,,,TRUE,PR500_ACH-000896
ACH-000921,NCIH1339_LUNG,lung,lung_small,,TRUE,PR500_ACH-000921
ACH-000826,CAL12T_LUNG,lung,lung_NSC,,TRUE,PR500_ACH-000826
ACH-000685,L33_PANCREAS,pancreas,,,TRUE,PR500_ACH-000685
ACH-000376,SF295_CENTRAL_NERVOUS_SYSTEM,central_nervous_system,glioma,glioblastoma,TRUE,PR500_ACH-000376
ACH-000428,UO31_KIDNEY,kidney,,,TRUE,PR500_ACH-000428
ACH-000723,YD10B_UPPER_AERODIGESTIVE_TRACT,upper_aerodigestive,upper_aerodigestive_squamous,,TRUE,PR500_ACH-000723
ACH-000749,DMS273_LUNG,lung,lung_small,,TRUE,PR500_ACH-000749
ACH-000572,G361_SKIN,skin,melanoma,,TRUE,PR500_ACH-000572
ACH-000704,OAW42_OVARY,ovary,,,TRUE,PR500_ACH-000704
ACH-000721,HMC18_BREAST,breast,,,TRUE,PR500_ACH-000721
ACH-000457,CAL54_KIDNEY,kidney,,,TRUE,PR500_ACH-000457
NA,NA,NA,NA,NA,NA,PR500_ACH-000539_FAILED_STR
NA,NA,NA,NA,NA,NA,PR500_ACH-000511_FAILED_STR
NA,NA,NA,NA,NA,NA,PR500_ACH-000807_FAILED_STR
NA,NA,NA,NA,NA,NA,PR500_ACH-000409_FAILED_STR
NA,NA,NA,NA,NA,NA,PR500_ACH-000028_FAILED_STR
NA,NA,NA,NA,NA,NA,PR500_ACH-000010_FAILED_STR
NA,NA,NA,NA,NA,NA,PR500_ACH-001078_FAILED_STR
NA,NA,NA,NA,NA,NA,PR500_ACH-000460_FAILED_STR
NA,NA,NA,NA,NA,NA,PR500_ACH-000925_FAILED_STR
NA,NA,NA,NA,NA,NA,PR500_ACH-000992_FAILED_STR
NA,NA,NA,NA,NA,NA,PR300_CONTROL_BARCODE_1
NA,NA,NA,NA,NA,NA,PR300_CONTROL_BARCODE_2
NA,NA,NA,NA,NA,NA,PR300_CONTROL_BARCODE_3
NA,NA,NA,NA,NA,NA,PR300_CONTROL_BARCODE_4
NA,NA,NA,NA,NA,NA,PR300_CONTROL_BARCODE_5
NA,NA,NA,NA,NA,NA,PR300_CONTROL_BARCODE_6
NA,NA,NA,NA,NA,NA,PR300_CONTROL_BARCODE_7
NA,NA,NA,NA,NA,NA,PR300_CONTROL_BARCODE_8
NA,NA,NA,NA,NA,NA,PR300_CONTROL_BARCODE_9
NA,NA,NA,NA,NA,NA,PR300_CONTROL_BARCODE_10
NA,NA,NA,NA,NA,NA,PR500_CONTROL_BARCODE_1
NA,NA,NA,NA,NA,NA,PR500_CONTROL_BARCODE_2
NA,NA,NA,NA,NA,NA,PR500_CONTROL_BARCODE_3
NA,NA,NA,NA,NA,NA,PR500_CONTROL_BARCODE_4
NA,NA,NA,NA,NA,NA,PR500_CONTROL_BARCODE_5
NA,NA,NA,NA,NA,NA,PR500_CONTROL_BARCODE_6
NA,NA,NA,NA,NA,NA,PR500_CONTROL_BARCODE_7
NA,NA,NA,NA,NA,NA,PR500_CONTROL_BARCODE_8
NA,NA,NA,NA,NA,NA,PR500_CONTROL_BARCODE_9
NA,NA,NA,NA,NA,NA,PR500_CONTROL_BARCODE_10
ACH-000530,DMS114_LUNG,lung,lung_small,,TRUE,PR500_ACH-000530
ACH-000475,HUH1_LIVER,liver,,,TRUE,PR500_ACH-000475
ACH-000475,HUH1_LIVER,liver,,,TRUE,PR300_ACH-000475
ACH-000986,HT115_LARGE_INTESTINE,colorectal,,,TRUE,PR500_ACH-000986
ACH-000986,HT115_LARGE_INTESTINE,colorectal,,,TRUE,PR300_ACH-000986
ACH-000518,CAL33_UPPER_AERODIGESTIVE_TRACT,upper_aerodigestive,upper_aerodigestive_squamous,,TRUE,PR500_ACH-000518
ACH-000518,CAL33_UPPER_AERODIGESTIVE_TRACT,upper_aerodigestive,upper_aerodigestive_squamous,,TRUE,PR300_ACH-000518
ACH-000466,SNU216_STOMACH,gastric,gastric_adenocarcinoma,,TRUE,PR500_ACH-000466
ACH-000466,SNU216_STOMACH,gastric,gastric_adenocarcinoma,,TRUE,PR300_ACH-000466
ACH-000555,A498_KIDNEY,kidney,,,TRUE,PR500_ACH-000555
ACH-000555,A498_KIDNEY,kidney,,,TRUE,PR300_ACH-000555
ACH-000483,SNU182_LIVER,liver,,,TRUE,PR500_ACH-000483
ACH-000483,SNU182_LIVER,liver,,,TRUE,PR300_ACH-000483
ACH-000623,SNU201_CENTRAL_NERVOUS_SYSTEM,central_nervous_system,glioma,glioblastoma,TRUE,PR500_ACH-000623
ACH-000623,SNU201_CENTRAL_NERVOUS_SYSTEM,central_nervous_system,glioma,glioblastoma,TRUE,PR300_ACH-000623
ACH-000698,DMS53_LUNG,lung,lung_small,,TRUE,PR500_ACH-000698
ACH-000698,DMS53_LUNG,lung,lung_small,,TRUE,PR300_ACH-000698
ACH-000883,SW1783_CENTRAL_NERVOUS_SYSTEM,central_nervous_system,glioma,astrocytoma,TRUE,PR500_ACH-000883
ACH-000883,SW1783_CENTRAL_NERVOUS_SYSTEM,central_nervous_system,glioma,astrocytoma,TRUE,PR300_ACH-000883
ACH-000638,NCIH441_LUNG,lung,lung_NSC,lung_adenocarcinoma,TRUE,PR500_ACH-000638
ACH-000638,NCIH441_LUNG,lung,lung_NSC,lung_adenocarcinoma,TRUE,PR300_ACH-000638
ACH-000400,SKCO1_LARGE_INTESTINE,colorectal,,,TRUE,PR500_ACH-000400
ACH-000291,OV90_OVARY,ovary,ovary_adenocarcinoma,ovary_high_grade_serous,TRUE,PR500_ACH-000291
ACH-000740,A253_SALIVARY_GLAND,upper_aerodigestive,upper_aerodigestive_squamous,,TRUE,PR500_ACH-000740
ACH-000740,A253_SALIVARY_GLAND,upper_aerodigestive,upper_aerodigestive_squamous,,TRUE,PR300_ACH-000740
ACH-000149,SKNSH_AUTONOMIC_GANGLIA,peripheral_nervous_system,neuroblastoma,,TRUE,PR500_ACH-000149
ACH-000149,SKNSH_AUTONOMIC_GANGLIA,peripheral_nervous_system,neuroblastoma,,TRUE,PR300_ACH-000149
ACH-000543,SNU489_CENTRAL_NERVOUS_SYSTEM,central_nervous_system,glioma,,TRUE,PR500_ACH-000543
ACH-000543,SNU489_CENTRAL_NERVOUS_SYSTEM,central_nervous_system,glioma,,TRUE,PR300_ACH-000543
ACH-000464,CAS1_CENTRAL_NERVOUS_SYSTEM,central_nervous_system,glioma,glioblastoma,TRUE,PR500_ACH-000464
ACH-000464,CAS1_CENTRAL_NERVOUS_SYSTEM,central_nervous_system,glioma,glioblastoma,TRUE,PR300_ACH-000464
ACH-000963,CCK81_LARGE_INTESTINE,colorectal,colorectal_MSI,,TRUE,PR500_ACH-000963
ACH-000963,CCK81_LARGE_INTESTINE,colorectal,colorectal_MSI,,TRUE,PR300_ACH-000963
ACH-000435,EFE184_ENDOMETRIUM,uterus,uterus_endometrium,,TRUE,PR500_ACH-000435
ACH-000435,EFE184_ENDOMETRIUM,uterus,uterus_endometrium,,TRUE,PR300_ACH-000435
ACH-000706,EKVX_LUNG,lung,lung_NSC,lung_adenocarcinoma,TRUE,PR500_ACH-000706
ACH-000706,EKVX_LUNG,lung,lung_NSC,lung_adenocarcinoma,TRUE,PR300_ACH-000706
ACH-000213,HUPT4_PANCREAS,pancreas,,,TRUE,PR500_ACH-000213
ACH-000213,HUPT4_PANCREAS,pancreas,,,TRUE,PR300_ACH-000213
ACH-000443,OVKATE_OVARY,ovary,ovary_adenocarcinoma,ovary_high_grade_serous,TRUE,PR500_ACH-000443
ACH-000443,OVKATE_OVARY,ovary,ovary_adenocarcinoma,ovary_high_grade_serous,TRUE,PR300_ACH-000443
ACH-000470,SW1463_LARGE_INTESTINE,colorectal,,,TRUE,PR500_ACH-000470
ACH-000470,SW1463_LARGE_INTESTINE,colorectal,,,TRUE,PR300_ACH-000470
ACH-000399,NCIH2196_LUNG,lung,lung_small,,TRUE,PR500_ACH-000399
ACH-000399,NCIH2196_LUNG,lung,lung_small,,TRUE,PR300_ACH-000399
ACH-000934,MDAMB361_BREAST,breast,HER2Amp,,TRUE,PR500_ACH-000934
ACH-000934,MDAMB361_BREAST,breast,HER2Amp,,TRUE,PR300_ACH-000934
ACH-000548,BHY_UPPER_AERODIGESTIVE_TRACT,upper_aerodigestive,upper_aerodigestive_squamous,,TRUE,PR500_ACH-000548
ACH-000548,BHY_UPPER_AERODIGESTIVE_TRACT,upper_aerodigestive,upper_aerodigestive_squamous,,TRUE,PR300_ACH-000548
ACH-000249,CL11_LARGE_INTESTINE,colorectal,,,TRUE,PR500_ACH-000249
ACH-000249,CL11_LARGE_INTESTINE,colorectal,,,TRUE,PR300_ACH-000249
ACH-000739,HEPG2_LIVER,liver,,,TRUE,PR500_ACH-000739
ACH-000739,HEPG2_LIVER,liver,,,TRUE,PR300_ACH-000739
ACH-000269,AM38_CENTRAL_NERVOUS_SYSTEM,central_nervous_system,glioma,glioblastoma,TRUE,PR500_ACH-000269
ACH-000269,AM38_CENTRAL_NERVOUS_SYSTEM,central_nervous_system,glioma,glioblastoma,TRUE,PR300_ACH-000269
ACH-000093,PANC0504_PANCREAS,pancreas,,,TRUE,PR500_ACH-000093
ACH-000093,PANC0504_PANCREAS,pancreas,,,TRUE,PR300_ACH-000093
ACH-000485,GSU_STOMACH,gastric,gastric_adenocarcinoma,,TRUE,PR500_ACH-000485
ACH-000485,GSU_STOMACH,gastric,gastric_adenocarcinoma,,TRUE,PR300_ACH-000485
ACH-000350,COLO678_LARGE_INTESTINE,colorectal,,,TRUE,PR500_ACH-000350
ACH-000350,COLO678_LARGE_INTESTINE,colorectal,,,TRUE,PR300_ACH-000350
ACH-000330,EFM19_BREAST,breast,ERpos,,TRUE,PR500_ACH-000330
ACH-000330,EFM19_BREAST,breast,ERpos,,TRUE,PR300_ACH-000330
ACH-000256,COV318_OVARY,ovary,ovary_adenocarcinoma,ovary_high_grade_serous,TRUE,PR500_ACH-000256
ACH-000256,COV318_OVARY,ovary,ovary_adenocarcinoma,ovary_high_grade_serous,TRUE,PR300_ACH-000256
ACH-000041,RDES_BONE,bone,Ewing_sarcoma,,TRUE,PR500_ACH-000041
ACH-000041,RDES_BONE,bone,Ewing_sarcoma,,TRUE,PR300_ACH-000041
ACH-000348,RPMI7951_SKIN,skin,melanoma,,TRUE,PR500_ACH-000348
ACH-000348,RPMI7951_SKIN,skin,melanoma,,TRUE,PR300_ACH-000348
ACH-000608,COV644_OVARY,ovary,ovary_adenocarcinoma,ovary_mucinous,TRUE,PR500_ACH-000608
ACH-000608,COV644_OVARY,ovary,ovary_adenocarcinoma,ovary_mucinous,TRUE,PR300_ACH-000608
ACH-000507,KE39_STOMACH,gastric,gastric_adenocarcinoma,,TRUE,PR500_ACH-000507
ACH-000507,KE39_STOMACH,gastric,gastric_adenocarcinoma,,TRUE,PR300_ACH-000507
ACH-000378,NCIH647_LUNG,lung,lung_NSC,,TRUE,PR500_ACH-000378
ACH-000378,NCIH647_LUNG,lung,lung_NSC,,TRUE,PR300_ACH-000378
ACH-000686,SNU878_LIVER,liver,,,TRUE,PR500_ACH-000686
ACH-000686,SNU878_LIVER,liver,,,TRUE,PR300_ACH-000686
ACH-000075,U87MG_CENTRAL_NERVOUS_SYSTEM,central_nervous_system,glioma,astrocytoma,TRUE,PR500_ACH-000075
ACH-000075,U87MG_CENTRAL_NERVOUS_SYSTEM,central_nervous_system,glioma,astrocytoma,TRUE,PR300_ACH-000075
ACH-000446,KPNSI9S_AUTONOMIC_GANGLIA,peripheral_nervous_system,neuroblastoma,,TRUE,PR500_ACH-000446
ACH-000489,SW1116_LARGE_INTESTINE,colorectal,,,TRUE,PR500_ACH-000489
ACH-000489,SW1116_LARGE_INTESTINE,colorectal,,,TRUE,PR300_ACH-000489
ACH-000430,TYKNU_OVARY,ovary,ovary_adenocarcinoma,ovary_high_grade_serous,TRUE,PR500_ACH-000430
ACH-000430,TYKNU_OVARY,ovary,ovary_adenocarcinoma,ovary_high_grade_serous,TRUE,PR300_ACH-000430
ACH-000692,SNU899_UPPER_AERODIGESTIVE_TRACT,upper_aerodigestive,upper_aerodigestive_squamous,,TRUE,PR500_ACH-000692
ACH-000692,SNU899_UPPER_AERODIGESTIVE_TRACT,upper_aerodigestive,upper_aerodigestive_squamous,,TRUE,PR300_ACH-000692
ACH-000547,HT1197_URINARY_TRACT,urinary_tract,,,TRUE,PR500_ACH-000547
ACH-000547,HT1197_URINARY_TRACT,urinary_tract,,,TRUE,PR300_ACH-000547
ACH-000580,C32_SKIN,skin,melanoma,,TRUE,PR500_ACH-000580
ACH-000580,C32_SKIN,skin,melanoma,,TRUE,PR300_ACH-000580
ACH-000234,CAKI2_KIDNEY,kidney,,,TRUE,PR500_ACH-000234
ACH-000116,OAW28_OVARY,ovary,ovary_adenocarcinoma,ovary_high_grade_serous,TRUE,PR500_ACH-000116
ACH-000617,OVCAR4_OVARY,ovary,ovary_adenocarcinoma,ovary_high_grade_serous,TRUE,PR500_ACH-000617
ACH-000114,SU8686_PANCREAS,pancreas,,,TRUE,PR500_ACH-000114
ACH-000590,NCIH2073_LUNG,lung,lung_NSC,lung_adenocarcinoma,TRUE,PR500_ACH-000590
ACH-000616,HS746T_STOMACH,gastric,gastric_adenocarcinoma,,TRUE,PR500_ACH-000616
ACH-000859,HCC1954_BREAST,breast,HER2Amp,,TRUE,PR500_ACH-000859
ACH-000859,HCC1954_BREAST,breast,HER2Amp,,TRUE,PR300_ACH-000859
ACH-000699,HCC1395_BREAST,breast,TNBC,,TRUE,PR500_ACH-000699
ACH-000699,HCC1395_BREAST,breast,TNBC,,TRUE,PR300_ACH-000699
ACH-000120,CHP212_AUTONOMIC_GANGLIA,peripheral_nervous_system,neuroblastoma,,TRUE,PR500_ACH-000120
ACH-000120,CHP212_AUTONOMIC_GANGLIA,peripheral_nervous_system,neuroblastoma,,TRUE,PR300_ACH-000120
ACH-000794,BICR22_UPPER_AERODIGESTIVE_TRACT,upper_aerodigestive,upper_aerodigestive_squamous,,TRUE,PR500_ACH-000794
ACH-000794,BICR22_UPPER_AERODIGESTIVE_TRACT,upper_aerodigestive,upper_aerodigestive_squamous,,TRUE,PR300_ACH-000794
ACH-000645,JL1_PLEURA,mesothelioma,,,TRUE,PR500_ACH-000645
ACH-000645,JL1_PLEURA,mesothelioma,,,TRUE,PR300_ACH-000645
ACH-000644,COLO829_SKIN,skin,melanoma,,TRUE,PR500_ACH-000644
ACH-000085,T3M4_PANCREAS,pancreas,,,TRUE,PR500_ACH-000085
ACH-000200,NMCG1_CENTRAL_NERVOUS_SYSTEM,central_nervous_system,glioma,glioblastoma,TRUE,PR500_ACH-000200
ACH-000998,CW2_LARGE_INTESTINE,colorectal,colorectal_MSI,,TRUE,PR500_ACH-000998
ACH-000998,CW2_LARGE_INTESTINE,colorectal,colorectal_MSI,,TRUE,PR300_ACH-000998
ACH-000001,NIHOVCAR3_OVARY,ovary,ovary_adenocarcinoma,ovary_high_grade_serous,TRUE,PR500_ACH-000001
ACH-000001,NIHOVCAR3_OVARY,ovary,ovary_adenocarcinoma,ovary_high_grade_serous,TRUE,PR300_ACH-000001
ACH-000341,SKNFI_AUTONOMIC_GANGLIA,peripheral_nervous_system,neuroblastoma,,TRUE,PR500_ACH-000341
ACH-000341,SKNFI_AUTONOMIC_GANGLIA,peripheral_nervous_system,neuroblastoma,,TRUE,PR300_ACH-000341
NA,NA,upper_aerodigestive,upper_aerodigestive_squamous,,FALSE,PR500_ACH-000539_FAILED_STR
NA,NA,upper_aerodigestive,upper_aerodigestive_squamous,,FALSE,PR500_ACH-000511_FAILED_STR
NA,NA,upper_aerodigestive,upper_aerodigestive_squamous,,FALSE,PR500_ACH-000807_FAILED_STR
NA,NA,upper_aerodigestive,upper_aerodigestive_squamous,,FALSE,PR500_ACH-000409_FAILED_STR
NA,NA,upper_aerodigestive,upper_aerodigestive_squamous,,FALSE,PR500_ACH-000028_FAILED_STR
NA,NA,upper_aerodigestive,upper_aerodigestive_squamous,,FALSE,PR500_ACH-000010_FAILED_STR
NA,NA,upper_aerodigestive,upper_aerodigestive_squamous,,FALSE,PR500_ACH-001078_FAILED_STR
NA,NA,upper_aerodigestive,upper_aerodigestive_squamous,,FALSE,PR500_ACH-000460_FAILED_STR
NA,NA,upper_aerodigestive,upper_aerodigestive_squamous,,FALSE,PR500_ACH-000925_FAILED_STR
NA,NA,upper_aerodigestive,upper_aerodigestive_squamous,,FALSE,PR500_ACH-000992_FAILED_STR
NA,NA,upper_aerodigestive,upper_aerodigestive_squamous,,FALSE,PR300_CONTROL_BARCODE_1
NA,NA,upper_aerodigestive,upper_aerodigestive_squamous,,FALSE,PR300_CONTROL_BARCODE_2
NA,NA,upper_aerodigestive,upper_aerodigestive_squamous,,FALSE,PR300_CONTROL_BARCODE_3
NA,NA,upper_aerodigestive,upper_aerodigestive_squamous,,FALSE,PR300_CONTROL_BARCODE_4
NA,NA,upper_aerodigestive,upper_aerodigestive_squamous,,FALSE,PR300_CONTROL_BARCODE_5
NA,NA,upper_aerodigestive,upper_aerodigestive_squamous,,FALSE,PR300_CONTROL_BARCODE_6
NA,NA,upper_aerodigestive,upper_aerodigestive_squamous,,FALSE,PR300_CONTROL_BARCODE_7
NA,NA,upper_aerodigestive,upper_aerodigestive_squamous,,FALSE,PR300_CONTROL_BARCODE_8
NA,NA,upper_aerodigestive,upper_aerodigestive_squamous,,FALSE,PR300_CONTROL_BARCODE_9
NA,NA,upper_aerodigestive,upper_aerodigestive_squamous,,FALSE,PR300_CONTROL_BARCODE_10
NA,NA,upper_aerodigestive,upper_aerodigestive_squamous,,FALSE,PR500_CONTROL_BARCODE_1
NA,NA,upper_aerodigestive,upper_aerodigestive_squamous,,FALSE,PR500_CONTROL_BARCODE_2
NA,NA,upper_aerodigestive,upper_aerodigestive_squamous,,FALSE,PR500_CONTROL_BARCODE_3
NA,NA,upper_aerodigestive,upper_aerodigestive_squamous,,FALSE,PR500_CONTROL_BARCODE_4
NA,NA,upper_aerodigestive,upper_aerodigestive_squamous,,FALSE,PR500_CONTROL_BARCODE_5
NA,NA,upper_aerodigestive,upper_aerodigestive_squamous,,FALSE,PR500_CONTROL_BARCODE_6
NA,NA,upper_aerodigestive,upper_aerodigestive_squamous,,FALSE,PR500_CONTROL_BARCODE_7
NA,NA,upper_aerodigestive,upper_aerodigestive_squamous,,FALSE,PR500_CONTROL_BARCODE_8
NA,NA,upper_aerodigestive,upper_aerodigestive_squamous,,FALSE,PR500_CONTROL_BARCODE_9
NA,NA,upper_aerodigestive,upper_aerodigestive_squamous,,FALSE,PR500_CONTROL_BARCODE_10
ACH-000499,EW8_BONE,bone,Ewing_sarcoma,,TRUE,PR500_ACH-000499
ACH-000499,EW8_BONE,bone,Ewing_sarcoma,,TRUE,PR300_ACH-000499
ACH-001211,TTC549_SOFT_TISSUE,rhabdoid,,,TRUE,PR500_ACH-001211
ACH-001211,TTC549_SOFT_TISSUE,rhabdoid,,,TRUE,PR300_ACH-001211
ACH-001212,TTC642_SOFT_TISSUE,rhabdoid,,,TRUE,PR500_ACH-001212
ACH-001212,TTC642_SOFT_TISSUE,rhabdoid,,,TRUE,PR300_ACH-001212
ACH-001205,TC32_BONE,bone,Ewing_sarcoma,,TRUE,PR500_ACH-001205
ACH-001205,TC32_BONE,bone,Ewing_sarcoma,,TRUE,PR300_ACH-001205
ACH-001099,KD_SOFT_TISSUE,rhabdoid,,,TRUE,PR500_ACH-001099
ACH-001099,KD_SOFT_TISSUE,rhabdoid,,,TRUE,PR300_ACH-001099
ACH-001022,CBAGPN_BONE,bone,Ewing_sarcoma,,TRUE,PR500_ACH-001022
ACH-001022,CBAGPN_BONE,bone,Ewing_sarcoma,,TRUE,PR300_ACH-001022
ACH-001010,A673STAG2NT23_ENGINEERED,bone,Ewing_sarcoma,Ewing_sarcoma_engineered,TRUE,PR500_ACH-001010
ACH-001210,TTC1240_SOFT_TISSUE,rhabdoid,,,TRUE,PR500_ACH-001210
ACH-001210,TTC1240_SOFT_TISSUE,rhabdoid,,,TRUE,PR300_ACH-001210
ACH-001200,STM9101_SOFT_TISSUE,rhabdoid,,,TRUE,PR500_ACH-001200
ACH-001200,STM9101_SOFT_TISSUE,rhabdoid,,,TRUE,PR300_ACH-001200
ACH-001193,SKPNDW_BONE,bone,Ewing_sarcoma,,TRUE,PR500_ACH-001193
ACH-001193,SKPNDW_BONE,bone,Ewing_sarcoma,,TRUE,PR300_ACH-001193
ACH-000227,KPNYN_AUTONOMIC_GANGLIA,peripheral_nervous_system,neuroblastoma,,TRUE,PR500_ACH-000227
ACH-000227,KPNYN_AUTONOMIC_GANGLIA,peripheral_nervous_system,neuroblastoma,,TRUE,PR300_ACH-000227
ACH-001163,CCLFPEDS0001T_KIDNEY,kidney,,,TRUE,PR500_ACH-001163
ACH-001164,CCLFPEDS0003T_SOFT_TISSUE,soft_tissue,sarcoma_undifferentiated,,TRUE,PR500_ACH-001164
ACH-001164,CCLFPEDS0003T_SOFT_TISSUE,soft_tissue,sarcoma_undifferentiated,,TRUE,PR300_ACH-001164
ACH-001029,CHLA10_BONE,bone,Ewing_sarcoma,,TRUE,PR500_ACH-001029
ACH-001029,CHLA10_BONE,bone,Ewing_sarcoma,,TRUE,PR300_ACH-001029
ACH-000597,TTC709_SOFT_TISSUE,rhabdoid,,,TRUE,PR500_ACH-000597
ACH-000597,TTC709_SOFT_TISSUE,rhabdoid,,,TRUE,PR300_ACH-000597
ACH-000533,NCIH2004RT_SOFT_TISSUE,rhabdoid,,,TRUE,PR500_ACH-000533
ACH-000533,NCIH2004RT_SOFT_TISSUE,rhabdoid,,,TRUE,PR300_ACH-000533
ACH-000051,TE617T_SOFT_TISSUE,rhabdomyosarcoma,,,TRUE,PR500_ACH-000051
ACH-000051,TE617T_SOFT_TISSUE,rhabdomyosarcoma,,,TRUE,PR300_ACH-000051
ACH-001008,A673STAG2KO45_ENGINEERED,bone,Ewing_sarcoma,Ewing_sarcoma_engineered,TRUE,PR500_ACH-001008
ACH-001007,A673STAG2KO16_ENGINEERED,bone,Ewing_sarcoma,Ewing_sarcoma_engineered,TRUE,PR500_ACH-001007
ACH-001009,A673STAG2NT14_ENGINEERED,bone,Ewing_sarcoma,Ewing_sarcoma_engineered,TRUE,PR500_ACH-001009
ACH-000078,MHHNB11_AUTONOMIC_GANGLIA,peripheral_nervous_system,neuroblastoma,,TRUE,PR500_ACH-000078
ACH-000078,MHHNB11_AUTONOMIC_GANGLIA,peripheral_nervous_system,neuroblastoma,,TRUE,PR300_ACH-000078
ACH-000366,SKNDZ_AUTONOMIC_GANGLIA,peripheral_nervous_system,neuroblastoma,,TRUE,PR500_ACH-000366
ACH-000366,SKNDZ_AUTONOMIC_GANGLIA,peripheral_nervous_system,neuroblastoma,,TRUE,PR300_ACH-000366
ACH-000631,KS1_CENTRAL_NERVOUS_SYSTEM,central_nervous_system,glioma,astrocytoma,TRUE,PR500_ACH-000631
ACH-000631,KS1_CENTRAL_NERVOUS_SYSTEM,central_nervous_system,glioma,astrocytoma,TRUE,PR300_ACH-000631
ACH-000838,AMO1_HAEMATOPOIETIC_AND_LYMPHOID_TISSUE,multiple_myeloma,,,TRUE,PR300_ACH-000838
ACH-000426,KMS20_HAEMATOPOIETIC_AND_LYMPHOID_TISSUE,multiple_myeloma,,,TRUE,PR300_ACH-000426
ACH-000419,KMS28BM_HAEMATOPOIETIC_AND_LYMPHOID_TISSUE,multiple_myeloma,,,TRUE,PR300_ACH-000419
ACH-000183,L363_HAEMATOPOIETIC_AND_LYMPHOID_TISSUE,multiple_myeloma,,,TRUE,PR300_ACH-000183
ACH-000453,MOLP2_HAEMATOPOIETIC_AND_LYMPHOID_TISSUE,multiple_myeloma,,,TRUE,PR300_ACH-000453
ACH-000981,DND41_HAEMATOPOIETIC_AND_LYMPHOID_TISSUE,leukemia,T-cell_ALL,,TRUE,PR300_ACH-000981
ACH-000995,JURKAT_HAEMATOPOIETIC_AND_LYMPHOID_TISSUE,leukemia,T-cell_ALL,,TRUE,PR300_ACH-000995
ACH-000938,NALM6_HAEMATOPOIETIC_AND_LYMPHOID_TISSUE,leukemia,B-cell_ALL,,TRUE,PR300_ACH-000938
ACH-000937,PF382_HAEMATOPOIETIC_AND_LYMPHOID_TISSUE,leukemia,T-cell_ALL,,TRUE,PR300_ACH-000937
ACH-000122,SUPT11_HAEMATOPOIETIC_AND_LYMPHOID_TISSUE,leukemia,T-cell_ALL,,TRUE,PR300_ACH-000122
ACH-000728,KASUMI2_HAEMATOPOIETIC_AND_LYMPHOID_TISSUE,leukemia,B-cell_ALL,,TRUE,PR300_ACH-000728
ACH-000101,KE37_HAEMATOPOIETIC_AND_LYMPHOID_TISSUE,leukemia,T-cell_ALL,,TRUE,PR300_ACH-000101
ACH-000964,MOLT3_HAEMATOPOIETIC_AND_LYMPHOID_TISSUE,leukemia,T-cell_ALL,,TRUE,PR300_ACH-000964
ACH-000922,RCHACV_HAEMATOPOIETIC_AND_LYMPHOID_TISSUE,leukemia,B-cell_ALL,,TRUE,PR300_ACH-000922
ACH-000636,RPMI8402_HAEMATOPOIETIC_AND_LYMPHOID_TISSUE,leukemia,T-cell_ALL,,TRUE,PR300_ACH-000636
ACH-000295,EM2_HAEMATOPOIETIC_AND_LYMPHOID_TISSUE,leukemia,CML,,TRUE,PR300_ACH-000295
ACH-000074,KU812_HAEMATOPOIETIC_AND_LYMPHOID_TISSUE,leukemia,CML,,TRUE,PR300_ACH-000074
ACH-000604,KYO1_HAEMATOPOIETIC_AND_LYMPHOID_TISSUE,leukemia,CML,,TRUE,PR300_ACH-000604
ACH-000301,LAMA84_HAEMATOPOIETIC_AND_LYMPHOID_TISSUE,leukemia,CML,,TRUE,PR300_ACH-000301
ACH-000072,MEG01_HAEMATOPOIETIC_AND_LYMPHOID_TISSUE,leukemia,CML,,TRUE,PR300_ACH-000072
ACH-000081,GDM1_HAEMATOPOIETIC_AND_LYMPHOID_TISSUE,leukemia,AML,,TRUE,PR300_ACH-000081
ACH-000065,OCIAML5_HAEMATOPOIETIC_AND_LYMPHOID_TISSUE,leukemia,AML,,TRUE,PR300_ACH-000065
ACH-000218,PL21_HAEMATOPOIETIC_AND_LYMPHOID_TISSUE,leukemia,AML,,TRUE,PR300_ACH-000218
ACH-000373,SKM1_HAEMATOPOIETIC_AND_LYMPHOID_TISSUE,leukemia,AML,,TRUE,PR300_ACH-000373
ACH-000146,THP1_HAEMATOPOIETIC_AND_LYMPHOID_TISSUE,leukemia,AML,,TRUE,PR300_ACH-000146
ACH-000914,HT_HAEMATOPOIETIC_AND_LYMPHOID_TISSUE,lymphoma,B-cell_lymphoma_other,,TRUE,PR300_ACH-000914
ACH-000357,JEKO1_HAEMATOPOIETIC_AND_LYMPHOID_TISSUE,lymphoma,B-cell_lymphoma_other,,TRUE,PR300_ACH-000357
ACH-000815,KMH2_HAEMATOPOIETIC_AND_LYMPHOID_TISSUE,lymphoma,Hodgkin_lymphoma,,TRUE,PR300_ACH-000815
ACH-000583,MC116_HAEMATOPOIETIC_AND_LYMPHOID_TISSUE,lymphoma,B-cell_lymphoma_other,,TRUE,PR300_ACH-000583
ACH-000398,RI1_HAEMATOPOIETIC_AND_LYMPHOID_TISSUE,lymphoma,B-cell_lymphoma_other,,TRUE,PR300_ACH-000398
ACH-000233,DEL_HAEMATOPOIETIC_AND_LYMPHOID_TISSUE,lymphoma,T-cell_lymphoma_other,,TRUE,PR300_ACH-000233
ACH-000073,GRANTA519_HAEMATOPOIETIC_AND_LYMPHOID_TISSUE,lymphoma,B-cell_lymphoma_other,,TRUE,PR300_ACH-000073
ACH-000061,HH_HAEMATOPOIETIC_AND_LYMPHOID_TISSUE,lymphoma,T-cell_lymphoma_other,,TRUE,PR300_ACH-000061
ACH-001129,MONOMAC1_HAEMATOPOIETIC_AND_LYMPHOID_TISSUE,leukemia,AML,,TRUE,PR300_ACH-001129
ACH-000371,RL_HAEMATOPOIETIC_AND_LYMPHOID_TISSUE,lymphoma,B-cell_lymphoma_other,,TRUE,PR300_ACH-000371
ACH-000105,ALLSIL_HAEMATOPOIETIC_AND_LYMPHOID_TISSUE,leukemia,T-cell_ALL,,TRUE,PR300_ACH-000105
ACH-000206,C8166_HAEMATOPOIETIC_AND_LYMPHOID_TISSUE,lymphoma,T-cell_lymphoma_other,,TRUE,PR300_ACH-000206
ACH-000198,EOL1_HAEMATOPOIETIC_AND_LYMPHOID_TISSUE,leukemia,AML,,TRUE,PR300_ACH-000198
ACH-000151,JM1_HAEMATOPOIETIC_AND_LYMPHOID_TISSUE,leukemia,B-cell_ALL,,TRUE,PR300_ACH-000151
ACH-000564,KHM1B_HAEMATOPOIETIC_AND_LYMPHOID_TISSUE,multiple_myeloma,,,TRUE,PR300_ACH-000564
ACH-001033,CHLA57_BONE,bone,Ewing_sarcoma,,TRUE,PR300_ACH-001033
ACH-001106,KOPN8_HAEMATOPOIETIC_AND_LYMPHOID_TISSUE,leukemia,B-cell_ALL,,TRUE,PR300_ACH-001106
ACH-000388,NUDHL1_HAEMATOPOIETIC_AND_LYMPHOID_TISSUE,lymphoma,DLBCL,,TRUE,PR300_ACH-000388
ACH-000751,OCIM1_HAEMATOPOIETIC_AND_LYMPHOID_TISSUE,leukemia,AML,,TRUE,PR300_ACH-000751
ACH-000387,TF1_HAEMATOPOIETIC_AND_LYMPHOID_TISSUE,leukemia,AML,,TRUE,PR300_ACH-000387
ACH-000372,P12ICHIKAWA_HAEMATOPOIETIC_AND_LYMPHOID_TISSUE,leukemia,T-cell_ALL,,TRUE,PR300_ACH-000372
ACH-000576,KMS27_HAEMATOPOIETIC_AND_LYMPHOID_TISSUE,multiple_myeloma,,,TRUE,PR300_ACH-000576
ACH-000763,MM1S_HAEMATOPOIETIC_AND_LYMPHOID_TISSUE,multiple_myeloma,,,TRUE,PR300_ACH-000763
ACH-000346,JVM3_HAEMATOPOIETIC_AND_LYMPHOID_TISSUE,lymphoma,B-cell_lymphoma_other,,TRUE,PR300_ACH-000346
ACH-000406,U937_HAEMATOPOIETIC_AND_LYMPHOID_TISSUE,leukemia,AML,,TRUE,PR300_ACH-000406
ACH-000697,A3KAW_HAEMATOPOIETIC_AND_LYMPHOID_TISSUE,lymphoma,DLBCL,,TRUE,PR300_ACH-000697
ACH-000877,EB1_HAEMATOPOIETIC_AND_LYMPHOID_TISSUE,lymphoma,Burkitt_lymphoma,,TRUE,PR300_ACH-000877
ACH-000380,KMS12BM_HAEMATOPOIETIC_AND_LYMPHOID_TISSUE,multiple_myeloma,,,TRUE,PR300_ACH-000380
ACH-000658,KMS18_HAEMATOPOIETIC_AND_LYMPHOID_TISSUE,multiple_myeloma,,,TRUE,PR300_ACH-000658
ACH-000124,OCILY19_HAEMATOPOIETIC_AND_LYMPHOID_TISSUE,lymphoma,DLBCL,,TRUE,PR300_ACH-000124
ACH-000703,DMS79_LUNG,lung,lung_small,,TRUE,PR300_ACH-000703
ACH-000431,NCIH1694_LUNG,lung,lung_small,,TRUE,PR300_ACH-000431
ACH-000870,NCIH1930_LUNG,lung,lung_small,,TRUE,PR300_ACH-000870
ACH-000639,NCIH211_LUNG,lung,lung_small,,TRUE,PR300_ACH-000639
ACH-000355,NCIH82_LUNG,lung,lung_small,,TRUE,PR300_ACH-000355
ACH-000257,CORL279_LUNG,lung,lung_small,,TRUE,PR300_ACH-000257
ACH-000258,DU4475_BREAST,breast,TNBC,,TRUE,PR300_ACH-000258
ACH-000515,HCC33_LUNG,lung,lung_small,,TRUE,PR300_ACH-000515
ACH-000780,NCIH1105_LUNG,lung,lung_small,,TRUE,PR300_ACH-000780
ACH-000816,NCIH524_LUNG,lung,lung_small,,TRUE,PR300_ACH-000816
ACH-000659,SCLC21H_LUNG,lung,lung_small,,TRUE,PR300_ACH-000659
ACH-000070,697_HAEMATOPOIETIC_AND_LYMPHOID_TISSUE,leukemia,B-cell_ALL,,TRUE,PR300_ACH-000070
ACH-000362,MOLM13_HAEMATOPOIETIC_AND_LYMPHOID_TISSUE,leukemia,AML,,TRUE,PR300_ACH-000362
ACH-000006,MONOMAC6_HAEMATOPOIETIC_AND_LYMPHOID_TISSUE,leukemia,AML,,TRUE,PR300_ACH-000006
ACH-000782,SEM_HAEMATOPOIETIC_AND_LYMPHOID_TISSUE,leukemia,B-cell_ALL,,TRUE,PR300_ACH-000782
ACH-000056,DOHH2_HAEMATOPOIETIC_AND_LYMPHOID_TISSUE,lymphoma,DLBCL,,TRUE,PR300_ACH-000056
ACH-000239,HUG1N_STOMACH,gastric,gastric_adenocarcinoma,,TRUE,PR300_ACH-000239
ACH-000053,KARPAS299_HAEMATOPOIETIC_AND_LYMPHOID_TISSUE,lymphoma,ALCL,,TRUE,PR300_ACH-000053
ACH-000932,SNU1_STOMACH,gastric,,,TRUE,PR300_ACH-000932
ACH-000534,WSUDLCL2_HAEMATOPOIETIC_AND_LYMPHOID_TISSUE,lymphoma,DLBCL,,TRUE,PR300_ACH-000534
ACH-000687,CI1_HAEMATOPOIETIC_AND_LYMPHOID_TISSUE,lymphoma,B-cell_lymphoma_other,,TRUE,PR300_ACH-000687
ACH-000942,HPBALL_HAEMATOPOIETIC_AND_LYMPHOID_TISSUE,leukemia,T-cell_ALL,,TRUE,PR300_ACH-000942
ACH-000509,HUT78_HAEMATOPOIETIC_AND_LYMPHOID_TISSUE,lymphoma,T-cell_lymphoma_other,,TRUE,PR300_ACH-000509
ACH-000598,KMS21BM_HAEMATOPOIETIC_AND_LYMPHOID_TISSUE,multiple_myeloma,,,TRUE,PR300_ACH-000598
ACH-001148,OCILY132_HAEMATOPOIETIC_AND_LYMPHOID_TISSUE,lymphoma,,,TRUE,PR300_ACH-001148
ACH-000069,HS611T_HAEMATOPOIETIC_AND_LYMPHOID_TISSUE,lymphoma,Hodgkin_lymphoma,,TRUE,PR300_ACH-000069
ACH-000193,KARPAS620_HAEMATOPOIETIC_AND_LYMPHOID_TISSUE,multiple_myeloma,,,TRUE,PR300_ACH-000193
ACH-000369,MOLM16_HAEMATOPOIETIC_AND_LYMPHOID_TISSUE,leukemia,AML,,TRUE,PR300_ACH-000369
ACH-001656,SKNO1_HAEMATOPOIETIC_AND_LYMPHOID_TISSUE,leukemia,AML,,TRUE,PR300_ACH-001656
ACH-000197,TALL1_HAEMATOPOIETIC_AND_LYMPHOID_TISSUE,leukemia,T-cell_ALL,,TRUE,PR300_ACH-000197
ACH-000432,BV173_HAEMATOPOIETIC_AND_LYMPHOID_TISSUE,leukemia,CML,,TRUE,PR300_ACH-000432
ACH-000920,CMLT1_HAEMATOPOIETIC_AND_LYMPHOID_TISSUE,leukemia,CML,,TRUE,PR300_ACH-000920
ACH-000326,JURLMK1_HAEMATOPOIETIC_AND_LYMPHOID_TISSUE,leukemia,CML,,TRUE,PR300_ACH-000326
ACH-000983,KCL22_HAEMATOPOIETIC_AND_LYMPHOID_TISSUE,leukemia,CML,,TRUE,PR300_ACH-000983
ACH-000076,NCO2_HAEMATOPOIETIC_AND_LYMPHOID_TISSUE,leukemia,CML,,TRUE,PR300_ACH-000076
ACH-000508,CORL88_LUNG,lung,lung_small,,TRUE,PR300_ACH-000508
ACH-000514,NCIH1092_LUNG,lung,lung_small,,TRUE,PR300_ACH-000514
ACH-000129,NCIH1341_LUNG,lung,lung_small,,TRUE,PR300_ACH-000129
ACH-000525,NCIH2171_LUNG,lung,lung_small,,TRUE,PR300_ACH-000525
ACH-000551,K562_HAEMATOPOIETIC_AND_LYMPHOID_TISSUE,leukemia,CML,,TRUE,PR300_ACH-000551
ACH-000918,MOLT16_HAEMATOPOIETIC_AND_LYMPHOID_TISSUE,leukemia,T-cell_ALL,,TRUE,PR300_ACH-000918
ACH-000168,NOMO1_HAEMATOPOIETIC_AND_LYMPHOID_TISSUE,leukemia,AML,,TRUE,PR300_ACH-000168
ACH-000664,SUDHL1_HAEMATOPOIETIC_AND_LYMPHOID_TISSUE,lymphoma,ALCL,,TRUE,PR300_ACH-000664
ACH-000059,SUPB15_HAEMATOPOIETIC_AND_LYMPHOID_TISSUE,leukemia,B-cell_ALL,,TRUE,PR300_ACH-000059
ACH-001300,CHLA15_AUTONOMIC_GANGLIA,peripheral_nervous_system,neuroblastoma,,TRUE,PR300_ACH-001300
ACH-000935,MDST8_LARGE_INTESTINE,colorectal,,,TRUE,PR300_ACH-000935
ACH-000586,NCIH1876_LUNG,lung,lung_small,,TRUE,PR300_ACH-000586
ACH-000360,NCIH508_LARGE_INTESTINE,colorectal,,,TRUE,PR300_ACH-000360
ACH-000790,SHP77_LUNG,lung,lung_small,,TRUE,PR300_ACH-000790
ACH-001289,COGAR359_SOFT_TISSUE,rhabdoid,,,TRUE,PR300_ACH-001289
ACH-001038,COGE352_BONE,bone,Ewing_sarcoma,,TRUE,PR300_ACH-001038
ACH-000338,SR786_HAEMATOPOIETIC_AND_LYMPHOID_TISSUE,lymphoma,ALCL,,TRUE,PR300_ACH-000338
ACH-000424,TC71_BONE,bone,Ewing_sarcoma,,TRUE,PR300_ACH-000424
ACH-001431,TC205_BONE,bone,Ewing_sarcoma,,TRUE,PR300_ACH-001431
ACH-000004,HEL_HAEMATOPOIETIC_AND_LYMPHOID_TISSUE,leukemia,AML,,TRUE,PR300_ACH-000004
ACH-000005,HEL9217_HAEMATOPOIETIC_AND_LYMPHOID_TISSUE,leukemia,AML,,TRUE,PR300_ACH-000005
ACH-000294,NB4_HAEMATOPOIETIC_AND_LYMPHOID_TISSUE,leukemia,AML,,TRUE,PR300_ACH-000294
ACH-000113,OCIAML2_HAEMATOPOIETIC_AND_LYMPHOID_TISSUE,leukemia,AML,,TRUE,PR300_ACH-000113
ACH-000336,OCIAML3_HAEMATOPOIETIC_AND_LYMPHOID_TISSUE,leukemia,AML,,TRUE,PR300_ACH-000336
ACH-000653,JJN3_HAEMATOPOIETIC_AND_LYMPHOID_TISSUE,multiple_myeloma,,,TRUE,PR300_ACH-000653
ACH-000541,KMS34_HAEMATOPOIETIC_AND_LYMPHOID_TISSUE,multiple_myeloma,,,TRUE,PR300_ACH-000541
ACH-000204,LP1_HAEMATOPOIETIC_AND_LYMPHOID_TISSUE,multiple_myeloma,,,TRUE,PR300_ACH-000204
ACH-000363,SKMM2_HAEMATOPOIETIC_AND_LYMPHOID_TISSUE,multiple_myeloma,,,TRUE,PR300_ACH-000363
ACH-000626,U266B1_HAEMATOPOIETIC_AND_LYMPHOID_TISSUE,multiple_myeloma,,,TRUE,PR300_ACH-000626
ACH-000714,KMS11_HAEMATOPOIETIC_AND_LYMPHOID_TISSUE,multiple_myeloma,,,TRUE,PR300_ACH-000714
ACH-000656,SUDHL8_HAEMATOPOIETIC_AND_LYMPHOID_TISSUE,lymphoma,DLBCL,,TRUE,PR300_ACH-000656
ACH-000285,TOLEDO_HAEMATOPOIETIC_AND_LYMPHOID_TISSUE,lymphoma,DLBCL,,TRUE,PR300_ACH-000285
ACH-000080,BDCM_HAEMATOPOIETIC_AND_LYMPHOID_TISSUE,leukemia,B-cell_ALL,,TRUE,PR300_ACH-000080
ACH-000202,COLO320_LARGE_INTESTINE,colorectal,,,TRUE,PR300_ACH-000202
ACH-000746,GSS_STOMACH,gastric,gastric_adenocarcinoma,,TRUE,PR300_ACH-000746
ACH-000314,HCC2108_LUNG,lung,lung_NSC,lung_adenocarcinoma,TRUE,PR300_ACH-000314
ACH-000190,HDMYZ_HAEMATOPOIETIC_AND_LYMPHOID_TISSUE,lymphoma,Hodgkin_lymphoma,,TRUE,PR300_ACH-000190
ACH-000160,BT12_SOFT_TISSUE,rhabdoid,,,TRUE,PR300_ACH-000160
ACH-000902,CAL148_BREAST,breast,TNBC,,TRUE,PR300_ACH-000902
ACH-000560,ECC10_STOMACH,gastric,gastric_small,,TRUE,PR300_ACH-000560
ACH-000793,KATOIII_STOMACH,gastric,gastric_adenocarcinoma,,TRUE,PR300_ACH-000793
ACH-001096,JR_SOFT_TISSUE,rhabdomyosarcoma,,,TRUE,PR300_ACH-001096
ACH-000100,RH41_SOFT_TISSUE,rhabdomyosarcoma,,,TRUE,PR300_ACH-000100
ACH-001740,RH28_SOFT_TISSUE,rhabdomyosarcoma,,,TRUE,PR300_ACH-001740
ACH-001765,RH4_SOFT_TISSUE,rhabdomyosarcoma,,,TRUE,PR300_ACH-001765
ACH-001745,RHJT_SOFT_TISSUE,rhabdomyosarcoma,,,TRUE,PR300_ACH-001745
ACH-000607,KYM1_SOFT_TISSUE,rhabdoid,,,TRUE,PR300_ACH-000607
ACH-001751,RH36_SOFT_TISSUE,rhabdomyosarcoma,,,TRUE,PR300_ACH-001751
ACH-000039,SKNMC_BONE,bone,Ewing_sarcoma,,TRUE,PR300_ACH-000039
ACH-001196,SMSCTR_SOFT_TISSUE,rhabdomyosarcoma,,,TRUE,PR300_ACH-001196
ACH-001001,143B_BONE,bone,osteosarcoma,,TRUE,PR300_ACH-001001
ACH-001028,CHLA06ATRT_SOFT_TISSUE,rhabdoid,,,TRUE,PR300_ACH-001028
ACH-000410,SAOS2_BONE,bone,osteosarcoma,,TRUE,PR300_ACH-000410
ACH-001050,CW9019_SOFT_TISSUE,rhabdomyosarcoma,,,TRUE,PR300_ACH-001050
ACH-001283,TC106_BONE,bone,Ewing_sarcoma,,TRUE,PR300_ACH-001283
ACH-001750,TTC442_SOFT_TISSUE,rhabdomyosarcoma,,,TRUE,PR300_ACH-001750
ACH-001020,BT16_SOFT_TISSUE,rhabdoid,,,TRUE,PR300_ACH-001020
ACH-001301,COGN278_AUTONOMIC_GANGLIA,peripheral_nervous_system,neuroblastoma,,TRUE,PR300_ACH-001301
ACH-001059,DL_SOFT_TISSUE,rhabdoid,,,TRUE,PR300_ACH-001059
ACH-001232,UW228_CENTRAL_NERVOUS_SYSTEM,central_nervous_system,medulloblastoma,non-MYC,TRUE,PR300_ACH-001232
NA,NA,upper_aerodigestive,upper_aerodigestive_squamous,,FALSE,PR300_ACH-000992
ACH-000757,A427_LUNG,lung,lung_NSC,lung_adenocarcinoma,TRUE,PR300_ACH-000757
ACH-000831,HEC50B_ENDOMETRIUM,uterus,uterus_endometrium,,TRUE,PR300_ACH-000831
ACH-000615,SKMEL28_SKIN,skin,melanoma,,TRUE,PR300_ACH-000615
ACH-000353,TE15_OESOPHAGUS,esophagus,esophagus_squamous,,TRUE,PR300_ACH-000353
ACH-000036,U343_CENTRAL_NERVOUS_SYSTEM,central_nervous_system,glioma,glioblastoma,TRUE,PR300_ACH-000036
ACH-000283,A1207_CENTRAL_NERVOUS_SYSTEM,central_nervous_system,glioma,glioblastoma,TRUE,PR300_ACH-000283
ACH-000025,CH157MN_CENTRAL_NERVOUS_SYSTEM,central_nervous_system,meningioma,,TRUE,PR300_ACH-000025
ACH-000865,KYSE450_OESOPHAGUS,esophagus,esophagus_squamous,,TRUE,PR300_ACH-000865
ACH-000215,LN382_CENTRAL_NERVOUS_SYSTEM,central_nervous_system,glioma,glioblastoma,TRUE,PR300_ACH-000215
ACH-000152,M059K_CENTRAL_NERVOUS_SYSTEM,central_nervous_system,glioma,glioblastoma,TRUE,PR300_ACH-000152
ACH-000867,CHAGOK1_LUNG,lung,lung_NSC,,TRUE,PR300_ACH-000867
ACH-001310,HA1E_KIDNEY,kidney,renal,,TRUE,PR300_ACH-001310
ACH-000067,HS683_CENTRAL_NERVOUS_SYSTEM,central_nervous_system,glioma,oligodendroglioma,TRUE,PR300_ACH-000067
ACH-000550,IGR39_SKIN,skin,melanoma,,TRUE,PR300_ACH-000550
ACH-000760,LNZ308_CENTRAL_NERVOUS_SYSTEM,central_nervous_system,glioma,glioblastoma,TRUE,PR300_ACH-000760
ACH-000872,HCC515_LUNG,lung,lung_NSC,lung_adenocarcinoma,TRUE,PR300_ACH-000872
ACH-000993,JHUEM7_ENDOMETRIUM,uterus,uterus_endometrium,,TRUE,PR300_ACH-000993
ACH-000144,RERFGC1B_STOMACH,gastric,gastric_adenocarcinoma,,TRUE,PR300_ACH-000144
ACH-000377,SNU478_BILIARY_TRACT,bile_duct,cholangiocarcinoma,extrahepatic,TRUE,PR300_ACH-000377
ACH-000248,AU565_BREAST,breast,HER2Amp,,TRUE,PR300_ACH-000248
ACH-000094,HPAFII_PANCREAS,pancreas,,,TRUE,PR300_ACH-000094
ACH-000293,KLE_ENDOMETRIUM,uterus,uterus_endometrium,,TRUE,PR300_ACH-000293
ACH-000752,NCIH196_LUNG,lung,lung_small,,TRUE,PR300_ACH-000752
ACH-000181,SCC9_UPPER_AERODIGESTIVE_TRACT,upper_aerodigestive,upper_aerodigestive_squamous,,TRUE,PR300_ACH-000181
ACH-000676,LN464_CENTRAL_NERVOUS_SYSTEM,central_nervous_system,glioma,glioblastoma,TRUE,PR300_ACH-000676
ACH-000910,MDAMB453_BREAST,breast,TNBC,,TRUE,PR300_ACH-000910
ACH-000635,SNU119_OVARY,ovary,ovary_adenocarcinoma,ovary_high_grade_serous,TRUE,PR300_ACH-000635
ACH-000381,T84_LARGE_INTESTINE,colorectal,,,TRUE,PR300_ACH-000381
ACH-000208,U178_CENTRAL_NERVOUS_SYSTEM,central_nervous_system,glioma,glioblastoma,TRUE,PR300_ACH-000208
ACH-000008,A101D_SKIN,,,,TRUE,PR500_ACH-000008
NA,NA,lung,lung_NSC,lung_squamous,FALSE,PR500_ACH-000511
NA,NA,central_nervous_system,glioma,oligodendroglioma,FALSE,PR500_ACH-000807
NA,NA,ovary,ovary_adenocarcinoma,ovary_high_grade_serous,FALSE,PR500_ACH-000409
NA,NA,breast,ERpos,,FALSE,PR500_ACH-000028
NA,NA,lung,lung_NSC,lung_adenocarcinoma,FALSE,PR500_ACH-000010
NA,NA,lung,lung_NSC,lung_squamous,FALSE,PR500_ACH-001078
NA,NA,lung,lung_NSC,,FALSE,PR500_ACH-000925
