gene,nsclc_mean,non_nsclc_mean,diff,u_stat,p_val,nsclc_n,non_nsclc_n,p_adj
ABCA1,-0.023063439752653413,0.01184356596467886,-0.034907005717332275,46741.0,0.995226147952761,100,1108,0.9999988421071658
ABCG1,-0.0011974805776689525,-0.006482521982918529,0.005285041405249577,55070.0,0.539398648685074,100,1108,0.9448311867670742
ABHD2,-0.0786691617951074,-0.06945827591043947,-0.009210885884667924,52610.0,0.7981969761574677,100,1108,0.9999988421071658
ABI1,-0.030071638831748147,-0.06806140602001233,0.03798976718826418,62480.0,0.017049517729724125,100,1108,0.13331490369386695
ABLIM1,0.03939464392550557,0.038917400589407375,0.00047724333609819314,55798.0,0.4526487735004061,100,1108,0.8884497334897363
ACOX1,-0.25654118828240474,-0.15913204982176,-0.09740913846064475,41667.0,0.9999802551192215,100,1108,0.9999988421071658
ACP2,0.07002512300362305,0.04745645488568903,0.022568668117934024,60605.0,0.05965100558698616,100,1108,0.28465810754377957
ACTB,-0.844995103123191,-0.8117644790962489,-0.0332306240269421,53307.0,0.7345346149280694,100,1108,0.9999988421071658
ACTR3,-0.4394604988315691,-0.4746390159353486,0.03517851710377945,59353.0,0.11840742030317292,100,1108,0.4258393210423725
ADAM28,0.11439094340486777,0.12008524272584362,-0.005694299320975843,54175.0,0.6431132440367429,100,1108,0.9999988421071658
ADD3,0.08153128572750033,0.05704080062944321,0.024490485098057124,62210.0,0.020770593568359218,100,1108,0.14813313435016628
ADNP,-0.16474126804819383,-0.21801394051652337,0.053272672468329535,62776.0,0.013639866589159316,100,1108,0.1131742570634663
AFF1,0.10689593452955198,0.06522249304822245,0.04167344148132954,63461.0,0.00792149678989778,100,1108,0.07909309871759475
AFF4,-0.04287934458394802,-0.05715909237612535,0.014279747792177326,57653.0,0.25010015507928574,100,1108,0.6549939738335704
AFTPH,0.06139953929391357,0.02921498471622609,0.03218455457768748,63156.0,0.01013732941596415,100,1108,0.09398752558515334
AGR2,0.016671637327786846,-0.0009952909947961413,0.017666928322582987,57684.0,0.2471603425231489,100,1108,0.6528096576945223
AHR,0.06851213492480254,0.021128668026255237,0.047383466898547305,62057.0,0.02316937924024674,100,1108,0.1599673098608525
AK3,-0.033599338407597455,-0.05775267324191463,0.024153334834317176,62114.0,0.02224977060942383,100,1108,0.15526990457544157
AKAP10,-0.012930089909959213,-0.03085016871323062,0.017920078803271407,59707.0,0.09870981250703859,100,1108,0.3836087923177727
AKAP13,-0.012274677082263305,0.000140447221991195,-0.0124151243042545,55385.0,0.5018507501727474,100,1108,0.9345733167466561
ALDH3A2,0.009548164440496512,0.03207406030220449,-0.02252589586170798,47893.0,0.9876799634389688,100,1108,0.9999988421071658
ANAPC4,-1.0860138225316722,-1.054117553588644,-0.031896268943028216,51154.0,0.8981321202840721,100,1108,0.9999988421071658
ANKH,0.015267084537314934,-0.03407644137833657,0.049343525915651505,61709.0,0.029503722915185906,100,1108,0.18411457857649666
ANKIB1,-0.02784757010320287,-0.023249344452529637,-0.0045982256506732315,57364.0,0.27837464721679794,100,1108,0.6921556342377189
ANKRA2,-0.009294848448851336,-0.12541706903199626,0.11612222058314492,67575.0,0.0001343027228810421,100,1108,0.006225890510699737
ANTXR2,0.07361346061566693,0.0866922378450167,-0.013078777229349775,49233.0,0.9675492848720992,100,1108,0.9999988421071658
ANXA6,0.0654568858059277,0.04475653814634557,0.020700347659582133,61553.0,0.032778043066960284,100,1108,0.19697175880052986
AP1G2,-0.29131991677613217,-0.2383587285695231,-0.05296118820660908,44692.0,0.9993248295564987,100,1108,0.9999988421071658
AP2A2,0.13113461592993284,0.10017162056828029,0.03096299536165255,64557.0,0.0030668600025784273,100,1108,0.04431157298835146
APBB2,0.09895500358054406,0.12413774295492852,-0.025182739374384464,47956.0,0.987064521079108,100,1108,0.9999988421071658
APLP2,0.11151699412849883,0.10937978033316054,0.002137213795338294,56562.0,0.36405616328185675,100,1108,0.7955301345788721
APP,0.07255328388167306,0.07807397635253296,-0.0055206924708599,53447.0,0.7206198015975016,100,1108,0.9999988421071658
APPBP2,0.019476248199360426,-0.01806431493920112,0.03754056313856155,64514.0,0.0031891106212243773,100,1108,0.04451865082288305
APPL1,-0.02471244181055376,-0.0038207386799088516,-0.02089170313064491,50098.0,0.9437483713863144,100,1108,0.9999988421071658
APPL2,0.02631012469706709,0.006336912165000036,0.019973212532067054,63591.0,0.007114659170093576,100,1108,0.0744744161514634
ARFGAP3,0.11656221391527771,0.06789856851369525,0.04866364540158247,68103.0,7.180522287735777e-05,100,1108,0.004236508149764108
ARHGAP15,-0.017045979179863408,-0.020787031565137077,0.003741052385273669,55590.0,0.4773851309370555,100,1108,0.9085717008156862
ARHGAP29,-0.1663646817563647,-0.1937297805313458,0.027365098774981084,59347.0,0.11876365996648497,100,1108,0.4258393210423725
ARHGAP5,-0.1550534849735958,-0.15484433496393413,-0.0002091500096616794,56537.0,0.366869851123258,100,1108,0.7975395030092121
ARHGEF12,0.05187999658804216,0.05985100593779321,-0.007971009349751049,52857.0,0.7767524161853385,100,1108,0.9999988421071658
ARHGEF3,-0.016544013746900284,-0.007578091973293129,-0.008965921773607156,51102.0,0.900873301263636,100,1108,0.9999988421071658
ARHGEF7,-0.43809366012235607,-0.40543689152519036,-0.03265676859716571,51648.0,0.86930790428781,100,1108,0.9999988421071658
ARID5B,-0.06299538503989605,-0.07171586890238563,0.00872048386248958,56881.0,0.3288414431700346,100,1108,0.7541275498846377
ARL15,0.031804975629075416,0.05733003822331433,-0.025525062594238916,47530.0,0.9907547204256599,100,1108,0.9999988421071658
ARL4C,-0.030488910021620033,-0.05777171294197221,0.027282802920352178,61141.0,0.042885986688237794,100,1108,0.2373777335140942
ARRDC3,0.17008621190894643,0.17057730199614632,-0.0004910900871998858,55846.0,0.446962872517035,100,1108,0.8870914503472652
ASPH,0.16161027004798914,0.07875758924003391,0.08285268080795523,65704.0,0.0010217243757417336,100,1108,0.02286548689159949
ATAD2B,0.035774543741481195,0.041543535665528604,-0.005768991924047409,54533.0,0.6024305233271642,100,1108,0.9823553006013306
ATF2,0.11818659190054298,0.09235768554933545,0.025828906351207534,63369.0,0.008540097877350812,100,1108,0.08272423167762204
ATF3,0.0457610661815096,0.05461523673610149,-0.008854170554591888,52422.0,0.8136606152062901,100,1108,0.9999988421071658
ATF7IP,-0.03927424912955042,-0.09646451473510761,0.05719026560555719,63831.0,0.005813723448962423,100,1108,0.06288510863961021
ATF7IP2,0.042883970659928765,0.03566834690507474,0.007215623754854024,55706.0,0.46357294601535237,100,1108,0.8980860954148169
ATM,-0.048806967826542584,-0.012044631307585221,-0.03676233651895736,50243.0,0.9386625623161443,100,1108,0.9999988421071658
ATP11A,0.004747750919915303,0.02129617810663289,-0.016548427186717587,50290.0,0.9369391101095349,100,1108,0.9999988421071658
ATP2B1,-0.18408469182918932,-0.21173911452860186,0.02765442269941254,56814.0,0.33612523097160973,100,1108,0.7600880658556611
ATP6V0E1,-0.1055435960954053,-0.2053676968957372,0.0998241008003319,63314.0,0.008929820234237197,100,1108,0.08399207727565132
ATRX,-0.14096820213028383,-0.21009896506880182,0.069130762938518,63939.0,0.005300576846003186,100,1108,0.05830634530603505
ATXN1,-0.04616386542485748,-0.022425489399545293,-0.02373837602531219,50759.0,0.9176145992383578,100,1108,0.9999988421071658
AXL,-0.034591763960344114,-0.04547382781825695,0.010882063857912835,56756.0,0.3424807980781651,100,1108,0.7717709651136428
B2M,0.041737640265713666,0.03181990684947857,0.009917733416235093,58943.0,0.14451034871183388,100,1108,0.4760772401724883
B4GALT6,-0.024624747351421263,-0.012290604715370364,-0.012334142636050899,52427.0,0.8132590949504739,100,1108,0.9999988421071658
BACH1,0.054892222612439937,0.07403034591393384,-0.019138123301493906,53009.0,0.762935593131602,100,1108,0.9999988421071658
BAMBI,-0.14545888662888357,-0.09806248275159504,-0.04739640387728852,45750.0,0.9980639672801337,100,1108,0.9999988421071658
BAZ1A,-0.1661100959259343,-0.10815293107153584,-0.057957164854398446,47669.0,0.9896673076689663,100,1108,0.9999988421071658
BAZ2B,0.04820259780419885,0.03792949962021821,0.010273098183980645,58499.0,0.1768638778253958,100,1108,0.5325781301175141
BBS1,-0.11813201472790585,-0.11269830250588198,-0.005433712222023879,55064.0,0.5401115104631503,100,1108,0.9448311867670742
BBX,0.05299827809113171,0.06418702763515666,-0.011188749544024948,52524.0,0.8053639555164167,100,1108,0.9999988421071658
BCAS3,-0.18315670678028848,-0.17693854433281261,-0.006218162447475861,53839.0,0.6798780782422866,100,1108,0.9999988421071658
BCL2L11,0.009445656300193443,0.006322599494260161,0.003123056805933282,55657.0,0.46940301784881894,100,1108,0.9000182301320921
BCL6,-0.08298963342038493,-0.12985494295607716,0.046865309535692234,62019.0,0.02380006438042756,100,1108,0.16259201876734197
BIRC2,-0.1839728283133514,-0.2326349044160555,0.048662076102704094,61461.0,0.03484569084136839,100,1108,0.20427692444235115
BIRC6,-0.46908402587904696,-0.35502480121494556,-0.1140592246641014,41963.0,0.9999711288142865,100,1108,0.9999988421071658
BMP2K,-0.048738382674757,-0.034325940718471205,-0.014412441956285792,51914.0,0.8516442837125897,100,1108,0.9999988421071658
BMPR1A,-0.2734283648563663,-0.2721572159190124,-0.0012711489373539164,54358.0,0.6224876721350132,100,1108,0.9901249741739493
BPNT1,-0.2659596935574746,-0.22436263097418013,-0.041597062583294486,48278.0,0.9834870607662023,100,1108,0.9999988421071658
BRAF,-0.0629151066713211,-0.1901662636693027,0.12725115699798162,66861.0,0.0003016409916228838,100,1108,0.010303421240171137
BRD2,-0.41038458954588597,-0.4375953631456376,0.027210773599751603,58379.0,0.18633938479370993,100,1108,0.5522112362151496
BTAF1,-0.35772010781993885,-0.4170297123480814,0.059309604528142545,62367.0,0.018531126163499164,100,1108,0.13863596841185935
BTBD1,-0.027192006754739588,-0.011556576932154023,-0.015635429822585565,51036.0,0.9042742937234834,100,1108,0.9999988421071658
BTG1,-0.11392727684862754,-0.09110690816168437,-0.022820368686943163,49377.0,0.964293105766508,100,1108,0.9999988421071658
BTG2,0.0609489758755504,0.04654004035887277,0.014408935516677629,58642.0,0.16597766489182092,100,1108,0.5160437040153251
C2CD3,0.05559026268338889,0.0167945635506489,0.03879569913273999,65319.0,0.00149573527412118,100,1108,0.02773520551156131
CA5B,0.019717497178253118,0.022565195126789256,-0.0028476979485361383,56371.0,0.3857278766397503,100,1108,0.814472702671359
CABLES1,-0.0015826801799491853,0.009632358600191937,-0.011215038780141122,52501.0,0.8072541350576307,100,1108,0.9999988421071658
CACNA1D,-0.07584511260147477,-0.0337489137935403,-0.042096198807934464,43462.0,0.999823677566136,100,1108,0.9999988421071658
CADM1,0.05377016848661879,-0.004530978845013258,0.058301147331632046,67288.0,0.00018689023074090516,100,1108,0.007134809397108674
CAMK1,0.03471040732898928,0.024232909454117105,0.010477497874872174,58000.0,0.2182750982885468,100,1108,0.6177868150428888
CAMK2D,0.05633878615105739,0.03668068041232266,0.01965810573873473,63109.0,0.010522987232099148,100,1108,0.09485303768933816
CAMSAP2,-0.13122282223551401,-0.11772035593232716,-0.013502466303186855,53629.0,0.7020171839649074,100,1108,0.9999988421071658
CAP2,0.12177587974318278,0.11561750439191791,0.006158375351264872,58295.0,0.19315581660551473,100,1108,0.568762636024797
CAPN7,0.13110730342507637,0.11921868640554363,0.01188861701953274,58253.0,0.1966203843575498,100,1108,0.5699127738954615
CAT,-0.021321025203423133,0.012596056886746244,-0.03391708209016937,43823.0,0.9997350347884432,100,1108,0.9999988421071658
CBX6,0.009586601011867991,0.020950106027869158,-0.011363505016001167,50768.0,0.9172043924598411,100,1108,0.9999988421071658
CCNT1,-0.20320312008725608,-0.20614354564704818,0.002940425559792098,55144.0,0.5305969821511811,100,1108,0.9439861729923811
CCNT2,-0.12200623013027372,-0.12290774753881123,0.0009015174085375138,55325.0,0.5090142095604387,100,1108,0.9386375015398263
CCSER2,0.14754209804271182,0.12426737077551075,0.023274727267201062,65954.0,0.0007924571554999172,100,1108,0.018768079884604518
CD164,-0.16645234454148278,-0.11689696807479463,-0.049555376466688145,46276.0,0.9968425732653233,100,1108,0.9999988421071658
CD44,-0.07050386172100005,-0.052752358141496904,-0.01775150357950315,57367.0,0.278073326183162,100,1108,0.6921556342377189
CD46,0.00873268331537244,-0.018352955636064983,0.027085638951437424,64057.0,0.004786325328999401,100,1108,0.05561498486858301
CDK13,-0.16398974879065,-0.1401586094678584,-0.0238311393227916,51153.0,0.8981853504141225,100,1108,0.9999988421071658
CDK17,-0.002479509620565473,0.0051358591778244995,-0.007615368798389973,52927.0,0.7704470888065029,100,1108,0.9999988421071658
CDON,-0.01553027339475218,-0.01263615776352433,-0.0028941156312278487,54646.0,0.5893301859730037,100,1108,0.9732195692022376
CELF1,-0.17866728281439911,-0.17764988366173784,-0.0010173991526612747,53010.0,0.7628431634309347,100,1108,0.9999988421071658
CELF2,-0.09678941237626432,-0.07759667720193575,-0.019192735174328568,48396.0,0.9819789022376251,100,1108,0.9999988421071658
CEP120,0.03209591014112525,-0.0703810837450674,0.10247699388619264,73828.0,1.7403151485451598e-08,100,1108,1.1294645314058087e-05
CEP170,-0.15189588307995966,-0.15932035816913462,0.007424475089174959,56175.0,0.40834344835108644,100,1108,0.8360091418922874
CHD2,-0.08628247827829162,-0.078904771815838,-0.007377706462453615,54335.0,0.6251006451419476,100,1108,0.9901249741739493
CHD7,0.032324774088898466,-0.014059016254679455,0.046383790343577924,61466.0,0.03473063088323159,100,1108,0.20427692444235115
CLCN4,0.10172605847967489,0.09176122082207103,0.009964837657603864,59044.0,0.13774609175923402,100,1108,0.4656104872486608
CLIC4,0.003120867098145945,-0.0021660739341602436,0.005286941032306189,54664.0,0.5872337640581677,100,1108,0.9732195692022376
CLK1,-0.07414371476795434,-0.07600712290597952,0.0018634081380251855,54853.0,0.5650821085984142,100,1108,0.9599361109757196
CLSTN3,-0.06251773802723953,-0.08490013011567601,0.02238239208843648,60711.0,0.05598101262628552,100,1108,0.2773410472859489
CLTC,-1.581799110096849,-1.5817780348762676,-2.1075220581368015e-05,54684.0,0.584901487200802,100,1108,0.9732195692022376
CLU,0.013131961944475216,0.02823578057084282,-0.015103818626367603,50859.0,0.912970061094786,100,1108,0.9999988421071658
CMIP,-0.33342444623831985,-0.35072583440158744,0.017301388163267595,56439.0,0.3779673346301459,100,1108,0.8103047751327788
CNOT2,-0.4315199702829755,-0.39808542134464264,-0.033434548938332864,51487.0,0.8792634882635915,100,1108,0.9999988421071658
CNOT6L,-0.17439500072288572,-0.16405363122731212,-0.010341369495573599,53041.0,0.759968044460806,100,1108,0.9999988421071658
CNOT8,0.05353966269360973,0.057177888106604464,-0.0036382254129947375,53862.0,0.6774119774231357,100,1108,0.9999988421071658
COG5,-0.1734556506600798,-0.16177112442555985,-0.01168452623451996,55098.0,0.5360703226975769,100,1108,0.9448311867670742
COG6,-0.3855947549914508,-0.3561641345428966,-0.029430620448554212,50540.0,0.9271308382583618,100,1108,0.9999988421071658
COMMD2,-0.12885820226550568,-0.12247475914673871,-0.006383443118766971,54921.0,0.5570581247941951,100,1108,0.953906920821722
COPB1,-2.4859750939279666,-2.3674516319888546,-0.11852346193911201,47060.0,0.9937254743596624,100,1108,0.9999988421071658
CPEB2,0.08993967813352802,0.08655640067424046,0.0033832774592875564,57167.0,0.2985017529538382,100,1108,0.7116009378254736
CPEB3,0.06570619341128364,0.05689341188409178,0.008812781527191865,59389.0,0.11628584198105774,100,1108,0.4258393210423725
CPEB4,0.08580569710764731,0.05266543709438535,0.03314026001326196,60818.0,0.052459401759982906,100,1108,0.26598556048616334
CPQ,-0.06719427730134754,-0.06542502707705805,-0.0017692502242894897,55794.0,0.45312305359800115,100,1108,0.8884497334897363
CPT2,-0.17115527146210713,-0.1651175970336763,-0.006037674428430839,51729.0,0.86409026662038,100,1108,0.9999988421071658
CREB1,-0.09760892147129294,-0.11251839005407015,0.01490946858277721,59121.0,0.1327365951527188,100,1108,0.45340026449533943
CREBRF,-0.028585850753096845,-0.03419730580478636,0.005611455051689515,57382.0,0.2765691121921083,100,1108,0.6921556342377189
CSDE1,-0.38214156515128667,-0.2962936120722492,-0.08584795307903748,45492.0,0.9984896327736427,100,1108,0.9999988421071658
CSNK1A1,-0.625969961247887,-0.7853434448131723,0.15937348356528536,69658.0,9.893610290232053e-06,100,1108,0.0016052382695901507
CSNK2A1,-0.07905361383950929,-0.1183215780039446,0.039267964164435315,61219.0,0.040799688888541,100,1108,0.2282672249022682
CTNNB1,-0.23055198115592215,-0.24877752817302207,0.018225547017099913,50860.0,0.9129226478875889,100,1108,0.9999988421071658
CTSA,0.008765125066729341,0.012457230009012273,-0.003692104942282932,54587.0,0.5961836147696931,100,1108,0.9770787019836635
CTSD,0.14162114948202775,0.11203796882708991,0.02958318065493784,64858.0,0.0023227817699590825,100,1108,0.03768713421758611
CTTNBP2NL,0.006500332433484523,-0.0011171496364326561,0.007617482069917179,57351.0,0.27968220746536604,100,1108,0.6921556342377189
CUL3,-0.5406686888700455,-0.532451534883171,-0.008217153986874504,51257.0,0.8925404200250155,100,1108,0.9999988421071658
CUL4A,-0.03273868222630151,-0.03827613622391653,0.005537453997615023,57713.0,0.24442701610421969,100,1108,0.6528096576945223
CUL4B,-0.04638349049882126,-0.010509861901466779,-0.03587362859735448,53287.0,0.7364933546084702,100,1108,0.9999988421071658
CUL5,0.21750424614924257,0.19787636424030217,0.01962788190894041,60892.0,0.05012846961006672,100,1108,0.2602670142154664
CUX1,0.06842094280851967,0.08306854520833407,-0.0146476023998144,50316.0,0.9359696370445912,100,1108,0.9999988421071658
CWC27,0.03438105073344018,-0.013306705142385805,0.047687755875825986,65933.0,0.0008097168517240778,100,1108,0.018768079884604518
CYBB,0.11061862977248081,0.0826330888407569,0.02798554093172391,66769.0,0.00033374095001224976,100,1108,0.010314184597997624
CYP3A5,0.018565389176980494,0.030491486774652368,-0.011926097597671874,55274.0,0.5151009557097218,100,1108,0.939046405212386
DAB2,0.09847526006216854,0.08907096131195369,0.009404298750214854,57704.0,0.24527354286227915,100,1108,0.6528096576945223
DCLRE1C,-0.00010716002456586715,-0.0063429530036248905,0.0062357929790590235,57283.0,0.28656990430389606,100,1108,0.697311893503218
DCTN4,-0.7409354057447989,-0.7265177805968059,-0.01441762514799294,51661.0,0.8684799672969921,100,1108,0.9999988421071658
DDHD1,-0.019588573705306575,-0.011017596503919192,-0.008570977201387383,51537.0,0.8762305546624998,100,1108,0.9999988421071658
DDX17,-0.18424646000268274,-0.20693684488004957,0.022690384877366826,60009.0,0.08389700380624338,100,1108,0.3605904335778275
DDX3X,-1.024681898602056,-0.8240730960102896,-0.2006088025917665,42194.0,0.9999613650203897,100,1108,0.9999988421071658
DDX3Y,0.40207872142740086,0.4381951443936457,-0.03611642296624484,5392.0,0.9866633587963719,40,343,0.9999988421071658
DENND4A,-0.18734871378836362,-0.1551243445493354,-0.03222436923902822,45333.0,0.9987074951375714,100,1108,0.9999988421071658
DENND5A,-0.10808107070099245,-0.08713680723431838,-0.020944263466674065,49463.0,0.9622238865189906,100,1108,0.9999988421071658
DHX40,-0.22433529821985318,-0.22833990604864177,0.004004607828788587,55487.0,0.4896727366384934,100,1108,0.9184901909779833
DIAPH2,-0.011707556294291387,-0.03712859491417885,0.025421038619887464,63138.0,0.010283546346061859,100,1108,0.09400030392386123
DLST,-0.33077607254957625,-0.3540864149450867,0.02331034239551044,57022.0,0.3137261291660499,100,1108,0.7271723493884514
DMTF1,0.02399127191084516,0.00670602904412235,0.01728524286672281,60535.0,0.06217617486847554,100,1108,0.2903045862564074
DMXL1,-0.04152054884233041,-0.07752150868808323,0.03600095984575282,59970.0,0.08571018571631805,100,1108,0.36084314356548125
DNM1L,-0.7109869276738244,-0.6654401541116913,-0.0455467735621331,53037.0,0.7603400922298831,100,1108,0.9999988421071658
DOCK11,0.029129934623716724,0.027125549591909118,0.002004385031807606,55229.0,0.520468739776866,100,1108,0.9439861729923811
DOCK2,0.08119522523482756,0.04252005937366928,0.038675165861158274,61979.0,0.02447947282380325,100,1108,0.16378533879018875
DOCK4,0.02589227722051676,0.01607271492219835,0.009819562298318409,58562.0,0.17201338549416728,100,1108,0.5265881471024273
DOCK9,0.03854733259205684,0.03313538369007906,0.005411948901977777,56366.0,0.38630035676602537,100,1108,0.814472702671359
DPYSL2,0.06172290767823555,0.060344516571860816,0.001378391106374735,55935.0,0.4364499220174489,100,1108,0.8742469116954455
DST,0.03990725143436503,0.034501737697722364,0.005405513736642664,56401.0,0.3822982616296643,100,1108,0.814472702671359
DUSP16,-0.05657636580833159,-0.04317736960153892,-0.01339899620679267,49991.0,0.9472835344125252,100,1108,0.9999988421071658
DUSP6,0.033711811742541044,0.06603801947521341,-0.03232620773267237,47468.0,0.9912065378107656,100,1108,0.9999988421071658
DYNC1LI2,-0.2239379569385966,-0.17961536264938685,-0.04432259428920976,46465.0,0.9962568510801035,100,1108,0.9999988421071658
EEF1A1,-2.589503769741523,-2.524122757591392,-0.06538101215013103,6677.0,0.609086503700175,40,343,0.9890528859395071
EFCAB14,-0.05677459095282447,-0.0770157276600376,0.020241136707213128,59971.0,0.08566333031267048,100,1108,0.36084314356548125
EFEMP2,-0.08368053357107078,-0.08370307084283787,2.2537271767097966e-05,53989.0,0.6636563766887336,100,1108,0.9999988421071658
EGLN1,-0.19738461607772145,-0.19833715913228112,0.0009525430545596625,54555.0,0.5998885581462584,100,1108,0.9806742424103821
EGR2,-0.06965540507489437,-0.11748665113904704,0.04783124606415266,63035.0,0.011156107314045139,100,1108,0.09784207630831479
EHF,0.014161275146860391,0.002838982619484561,0.01132229252737583,58278.0,0.19455362896379808,100,1108,0.568762636024797
EIF2AK2,0.0999913419169688,0.047892870186604486,0.05209847173036432,68560.0,4.0971313194965674e-05,100,1108,0.0033401359598765373
EIF4A2,-0.0386466262987162,-0.09102640618710924,0.052379779888393034,68451.0,4.691388479409142e-05,100,1108,0.0033401359598765373
EIF5A,-1.1581845204653534,-1.1269611187070967,-0.031223401758256664,50413.0,0.8111301728326603,100,1065,0.9999988421071658
ELF1,-0.10062277353312327,-0.10428193276860578,0.0036591592354825175,54908.0,0.558594036330264,100,1108,0.9540198146798456
EML4,-0.116195246123618,-0.09191267980232805,-0.02428256632128996,51022.0,0.9049845473780909,100,1108,0.9999988421071658
EPC1,-0.36274372855253284,-0.3297822731762631,-0.032961455376269766,51133.0,0.8992457044538444,100,1108,0.9999988421071658
ERBB3,-0.19142971255120297,-0.20771789385960635,0.01628818130840337,60855.0,0.051283400910889426,100,1108,0.26207029284383654
ERC1,-0.005637645708189364,-0.016675415094953367,0.011037769386764002,57135.0,0.3018326400898662,100,1108,0.7149247570011794
ERCC3,-0.9748010603976435,-1.021970325282841,0.04716926488519746,62366.0,0.018544712267703392,100,1108,0.13863596841185935
ERGIC2,0.07189006571906834,0.04949037814894079,0.022399687570127544,58990.0,0.14133527016779074,100,1108,0.4728174759736917
ETNK1,-0.13271930675022486,-0.09540630130484307,-0.0373130054453818,5445.0,0.9836716316940112,40,343,0.9999988421071658
ETS2,0.15053326549628074,0.09145311673613465,0.059080148760146084,67633.0,0.00012552097679374014,100,1108,0.006225890510699737
EXOC4,-0.4208909371695374,-0.41352230800082607,-0.007368629168711338,55500.0,0.4881210911807673,100,1108,0.9182335889168638
EXOC6B,-0.06373890263272973,-0.07823301417491801,0.014494111542188284,58067.0,0.21241056561994098,100,1108,0.607288357212959
EXOC7,-0.38913431939962,-0.38863276283002557,-0.0005015565695944413,54452.0,0.611751365622529,100,1108,0.9890528859395071
EYA4,0.11624487010182713,0.12015483703126685,-0.0039099669294397205,55674.0,0.46737953242224656,100,1108,0.9000182301320921
EZH1,-0.1613478977381176,-0.13181721730615065,-0.029530680431966966,46672.0,0.9955051463806025,100,1108,0.9999988421071658
F5,0.017931961793713324,0.005067419493490241,0.012864542300223082,57453.0,0.2695037651127491,100,1108,0.6832341545241178
FAM13B,-0.002817110065490196,0.0007321179371336111,-0.003549228002623807,54974.0,0.5507876953643371,100,1108,0.9517167507943579
FAM193B,-0.06526472906065126,-0.08209907314434998,0.01683434408369873,58497.0,0.17701926424711856,100,1108,0.5325781301175141
FAM53C,-0.10265451072964626,-0.08456230327027424,-0.018092207459372026,50073.0,0.9445906362102938,100,1108,0.9999988421071658
FAM76B,-0.046372400011957096,-0.07739995885248917,0.03102755884053207,62343.0,0.018859541413005176,100,1108,0.13863596841185935
FAM91A1,-0.1843269315569983,-0.20075475924967706,0.016427827692678754,57535.0,0.261457936830229,100,1108,0.6695494006569188
FAR1,-0.0024541840249842155,-0.019305878751104823,0.01685169472612061,56605.0,0.35923379578084913,100,1108,0.7876443698032807
FBXL20,0.023704168714554368,-0.003470394535551064,0.02717456325010543,64466.0,0.003330741655169732,100,1108,0.04503440279594075
FBXO32,0.11993721368509677,0.1166790937010071,0.0032581199840896746,57086.0,0.30696515933220103,100,1108,0.7192071783631714
FCHO2,-0.1414439650022335,-0.15711422775813058,0.015670262755897085,59341.0,0.11912065608181888,100,1108,0.4258393210423725
FGFR1,-0.14297201438398113,-0.18796300033261637,0.04499098594863524,61131.0,0.04315958791165349,100,1108,0.2373777335140942
FKBP10,-0.15022972042521623,-0.11937779267309599,-0.030851927752120242,44719.0,0.9993056257684754,100,1108,0.9999988421071658
FMOD,0.135885382449049,0.12072018771688268,0.015165194732166307,61063.0,0.045057664205250494,100,1108,0.24476391625859356
FMR1,0.10072914276725457,0.08535634359772423,0.01537279916953034,59566.0,0.10624703537766361,100,1108,0.40324167228130814
FNBP1L,0.047895090932522484,0.017121197610235502,0.030773893322286982,62332.0,0.019011712155093195,100,1108,0.13863596841185935
FOS,-0.08481089692333868,-0.060455869439917306,-0.024355027483421374,50435.0,0.9313838645798459,100,1108,0.9999988421071658
FOSB,-0.14730908193230052,-0.124352971983066,-0.022956109949234527,47915.0,0.9874679925078773,100,1108,0.9999988421071658
FOXO3,-0.36070152799043464,-0.3389067863555376,-0.02179474163489703,42698.0,0.8312167152507006,91,999,0.9999988421071658
FRY,-0.02155205681088187,-0.00012703660413094538,-0.021425020206750925,48718.0,0.9772539862894639,100,1108,0.9999988421071658
FTH1,-0.5426223429600816,-0.5216129036114872,-0.02100943934859445,39957.0,0.9005751428703278,91,956,0.9999988421071658
FTO,0.01574577166655307,-0.010392943307090214,0.026138714973643284,60918.0,0.04932937259926266,100,1108,0.2602670142154664
FXR1,0.0170222394324521,0.005138125330532591,0.011884114101919509,59725.0,0.09777651299488516,100,1108,0.38348429206136186
FXYD5,0.005367777331444397,-0.014059840699685463,0.01942761803112986,60925.0,0.049115977868226,100,1108,0.2602670142154664
FYN,0.03005871334444771,0.01982161660287842,0.01023709674156929,57753.0,0.24068379618708274,100,1108,0.6508490988559029
GAA,-0.06133028220867496,-0.05231535094857353,-0.00901493126010143,52980.0,0.7656074254785474,100,1108,0.9999988421071658
GABARAP,-0.11539269826873254,-0.1630554799588017,0.04766278169006917,65520.0,0.0012277477585594249,100,1108,0.025123172073285568
GALNT10,-0.01099305380004184,0.0030275802288228875,-0.014020634028864727,51855.0,0.8556937405205063,100,1108,0.9999988421071658
GATM,-0.06719481021588114,-0.04634014377124805,-0.020854666444633088,49656.0,0.9572230605954979,100,1108,0.9999988421071658
GDPD5,-0.0965969924811484,-0.07662580331282065,-0.019971189168327755,51953.0,0.8489261872683893,100,1108,0.9999988421071658
GIT2,-0.061876553447263796,-0.07753543405405938,0.015658880606795586,57566.0,0.25844867148016804,100,1108,0.6656078880580518
GLS,-0.17097707790199937,-0.18455477011542937,0.013577692213429998,57833.0,0.2332918821979229,100,1108,0.6442826874317106
GLT8D1,-0.11214967361584569,-0.09639773730974452,-0.015751936306101166,49642.0,0.9576029622752135,100,1108,0.9999988421071658
GLUL,-0.15005357134053157,-0.14690795905447732,-0.0031456122860542557,54324.0,0.6263483091778641,100,1108,0.9901249741739493
GNAI2,-0.12057440550441063,-0.11895287910058719,-0.001621526403823445,54704.0,0.5825662145010517,100,1108,0.9732195692022376
GNS,0.008448558932023955,-0.03178857822182602,0.040237137153849974,64555.0,0.003072451131703876,100,1108,0.04431157298835146
GOLGB1,-0.12254431035492144,-0.10215956077249021,-0.020384749582431236,49222.0,0.9677876075351979,100,1108,0.9999988421071658
GORASP2,0.036052103697648864,0.0014816828351820741,0.03457042086246679,60233.0,0.074036702545829,100,1108,0.32686952348464643
GPATCH2,-0.14730802862699582,-0.1394382481241294,-0.007869780502866436,53769.0,0.6873344829985635,100,1108,0.9999988421071658
GPBP1,-0.10079041676184952,-0.1349139336226545,0.034123516860804975,60654.0,0.057931720880162456,100,1108,0.2820204345448471
GPHN,0.05223836583048033,0.0728155631731701,-0.02057719734268977,53918.0,0.6713750045732427,100,1108,0.9999988421071658
GPR137B,0.010857209098301235,-0.00010071491319170932,0.010957924011492945,58438.0,0.18164191997261026,100,1108,0.5407596608358901
GRINA,-0.08515871644849787,-0.10648027011132266,0.021321553662824788,61457.0,0.034937963964716455,100,1108,0.20427692444235115
GRN,-0.18083322378560193,-0.16437371399653888,-0.016459509789063048,49491.0,0.9615294360477927,100,1108,0.9999988421071658
GSN,0.034523998479392526,0.022774738987034634,0.011749259492357892,57796.0,0.23669488609940426,100,1108,0.648164477124529
GTF2I,-0.14516557746602105,-0.17275807099287294,0.02759249352685189,60298.0,0.07134802438457095,100,1108,0.3193439160385279
HAL,-0.06817250511693071,-0.07193850667168043,0.0037660015547497233,56060.0,0.42176166712284946,100,1108,0.850072428455681
HDAC3,-1.093176710456291,-1.2347471220163353,0.14157041156004424,66180.0,0.0006269854174830297,100,1108,0.016954730664436927
HIF1A,0.1330033817952317,0.1556728334961143,-0.02266945170088261,53129.0,0.7517038625711483,100,1108,0.9999988421071658
HIPK3,-0.02976435843818175,-0.007622717453939754,-0.022141640984241994,50460.0,0.930389026057976,100,1108,0.9999988421071658
HLA-F,-0.11240924191640665,-0.09959772058959293,-0.012811521326813721,52008.0,0.845036994547618,100,1108,0.9999988421071658
HMG20A,0.019694108024699605,0.0026681984819206003,0.017025909542779005,59048.0,0.13748272323514854,100,1108,0.4656104872486608
HNRNPLL,-0.04887331648270011,-0.05284544844239023,0.003972131959690123,57950.0,0.2227117529669851,100,1108,0.6203430372342202
HS2ST1,-0.07033870364480417,-0.10096064772681261,0.03062194408200844,60482.0,0.06414296692579577,100,1108,0.2952396137222798
HUWE1,-0.8782856285319971,-0.8935402509194875,0.015254622387490424,56325.0,0.39100392746359586,100,1108,0.8212347861614037
IFRD1,0.05858783701664067,0.033460024303792656,0.025127812712848016,63480.0,0.007798767209432048,100,1108,0.07908437373314686
IGF1,-0.033518503188829964,-0.0371501107394246,0.0036316075505946344,55860.0,0.445306483220818,100,1108,0.8865150540193585
IGF2BP2,-0.2729613762404023,-0.26823310910061837,-0.004728267139783915,55614.0,0.4745246558800454,100,1108,0.9057838284298513
ILK,-0.4107784632085757,-0.3387654065327763,-0.07201305667579938,49354.0,0.9648304755205916,100,1108,0.9999988421071658
ING4,0.13745204346152207,0.14629874292776993,-0.00884669946624786,53785.0,0.6856367630468116,100,1108,0.9999988421071658
INO80D,0.06774680316823666,0.027724989564964973,0.040021813603271686,64624.0,0.0028847724082793525,100,1108,0.04353993704589069
INPP4A,-0.13172895884500335,-0.10691010954254991,-0.02481884930245344,49529.0,0.9605703606723658,100,1108,0.9999988421071658
INTS11,-2.229701020334507,-2.291221422831256,0.06152040249674906,59719.0,0.09808689134389226,100,1108,0.38348429206136186
IQGAP1,-0.012181045892950612,-0.022695254220635574,0.010514208327684961,57511.0,0.2637999854373545,100,1108,0.6713968256817375
IRF2BP2,-0.1059195191298209,-0.18027099024365503,0.07435147111383414,62763.0,0.013776219272748596,100,1108,0.1131742570634663
IVNS1ABP,-0.0038341994762043042,0.013422700619184087,-0.01725690009538839,50034.0,0.9458846495961212,100,1108,0.9999988421071658
JAK1,-0.11120535145756989,-0.06462230592516693,-0.04658304553240296,45490.0,0.9984925695674964,100,1108,0.9999988421071658
JARID2,0.005255192079230385,-0.009027336166275332,0.014282528245505717,57986.0,0.21951220169852426,100,1108,0.6177868150428888
JMJD1C,-0.0060114780203861014,-0.01264138591484029,0.006629907894454189,57617.0,0.25353727100187057,100,1108,0.6581827555208559
KANSL1,-0.7421657599365357,-0.7400330515931004,-0.0021327083434352634,54928.0,0.5562307387125396,100,1108,0.953906920821722
KAT6A,-0.1332953115267667,-0.09144758871919716,-0.04184772280756956,50811.0,0.9152232823263824,100,1108,0.9999988421071658
KBTBD4,-0.024538451699363754,-0.024483495295069345,-5.495640429440882e-05,56436.0,0.37830870087092755,100,1108,0.8103047751327788
KCNJ2,0.0711143341591818,0.04604323774006111,0.025071096419120684,62833.0,0.013055672907570346,100,1108,0.11004067164952148
KDM5D,0.4953567820770446,0.4808061812785469,0.014550600798497682,7608.0,0.12963250850728808,40,343,0.4499010589370586
KDM6A,0.09482217194562764,0.09632728268757983,-0.0015051107419521842,54977.0,0.5504323707128864,100,1108,0.9517167507943579
KDM7A,0.010172562714981355,0.018197314405024072,-0.008024751690042718,52985.0,0.7651479569221689,100,1108,0.9999988421071658
KIAA0319L,-0.03515359516100069,-0.017122046894310367,-0.01803154826669032,51336.0,0.888104134531206,100,1108,0.9999988421071658
KIAA1191,-0.047416747077445226,-0.03000243208959705,-0.017414314987848175,51733.0,0.8638289609488212,100,1108,0.9999988421071658
KIAA1586,0.09547860208617603,0.06641115420244646,0.029067447883729572,61653.0,0.030646420703686995,100,1108,0.18763704751597038
KIF2A,0.05769290489034572,-0.004000440967890639,0.061693345858236354,64860.0,0.002318438787203249,100,1108,0.03768713421758611
KLF10,-0.17811329397261477,-0.1235182428879588,-0.05459505108465597,46590.0,0.9958177100575359,100,1108,0.9999988421071658
KLF12,0.059871476743691775,0.0803971837448095,-0.020525707001117728,51187.0,0.8963641466974067,100,1108,0.9999988421071658
KLHL24,0.030509742377099813,0.031959495343340194,-0.0014497529662403814,55814.0,0.45075233529405145,100,1108,0.8884497334897363
KMT2A,-0.1700971644460356,-0.20942328412431194,0.039326119678276344,60151.0,0.07753816470343276,100,1108,0.3377333482719991
LAMA3,-0.04607840906188227,-0.02906775370105313,-0.01701065536082914,50982.0,0.9069924424474256,100,1108,0.9999988421071658
LAMB2,-0.07935487503514367,-0.07951420942145451,0.00015933438631084151,56532.0,0.3674334536205769,100,1108,0.7975395030092121
LAMP2,0.2372609594141799,0.2202397896602652,0.01702116975391471,60967.0,0.04785105002285474,100,1108,0.2566556319407663
LAPTM5,0.02840148688946733,0.03234435503546175,-0.00394286814599442,53789.0,0.6852117169551333,100,1108,0.9999988421071658
LDLRAD4,0.10846884173461112,0.08901112565203621,0.019457716082574905,60894.0,0.05006663647295563,100,1108,0.2602670142154664
LGALS8,0.09468870967662119,0.07832773418000431,0.016360975496616872,59968.0,0.08580395407837516,100,1108,0.36084314356548125
LITAF,0.029235245017314247,0.023934093191148347,0.0053011518261659,55146.0,0.5303588720603506,100,1108,0.9439861729923811
LMCD1,0.1702328480646133,0.1343972806505917,0.03583556741402161,66534.0,0.00043071361898067156,100,1108,0.012706051759929811
LMO7,0.1468226731681576,0.15678490297558262,-0.009962229807425005,53107.0,0.7537840264310665,100,1108,0.9999988421071658
LOXL1,-0.026427726301681265,-0.043104017259548724,0.01667629095786746,59145.0,0.13120116795264192,100,1108,0.4516216995992175
LPP,0.08736753734543493,0.057657422784628085,0.02971011456080684,64153.0,0.0044012797007708954,100,1108,0.05389491558113795
LRCH3,-0.10889987220504448,-0.07972431840805268,-0.0291755537969918,50479.0,0.9296255498435635,100,1108,0.9999988421071658
LRP12,0.08096847840696614,0.06884173200276297,0.012126746404203165,58618.0,0.16777383905582988,100,1108,0.5160437040153251
LRRC37A3,-0.4483573980162077,-0.4353808190409565,-0.01297657897525123,42850.0,0.5930012028744363,91,956,0.9767963976281958
LSM3,-1.3983660063434256,-1.515110335014016,0.11674432867059048,65351.0,0.0014497777994431592,100,1108,0.02767369975995913
M6PR,-0.029463151445409706,-0.018993006095259505,-0.0104701453501502,54167.0,0.644005937163691,100,1108,0.9999988421071658
MAB21L3,-0.008121049858672657,-0.012391247965181084,0.004270198106508426,55506.0,0.4874050063395416,100,1108,0.9182335889168638
MACF1,-0.08581646575702782,-0.07956989055429528,-0.006246575202732543,53191.0,0.7457915306445,100,1108,0.9999988421071658
MADD,-0.056587484454865535,-0.021789327191522354,-0.03479815726334318,45220.0,0.998844425992746,100,1108,0.9999988421071658
MAFB,0.08562548264824939,0.09198288344016248,-0.00635740079191309,53619.0,0.7030538221879158,100,1108,0.9999988421071658
MAGED2,0.21687143009413085,0.18143198649723716,0.03543944359689369,65059.0,0.0019213442058074262,100,1108,0.033701415934297825
MANSC1,-0.027473466540601187,-0.03294105828511093,0.005467591744509743,58876.0,0.14911902568672736,100,1108,0.4838912383534303
MAP1LC3A,-0.14932936253409743,-0.1291970767632003,-0.020132285770897124,50759.0,0.9176145992383578,100,1108,0.9999988421071658
MAP2K4,0.11618793671902072,0.07726871048459741,0.038919226234423315,63002.0,0.011448960195135563,100,1108,0.09907166888857308
MAP2K6,-0.025789848590102728,-0.02432871883550331,-0.0014611297545994162,54393.0,0.6185006660393075,100,1108,0.9901249741739493
MAP3K7,-0.10754459952537627,-0.12135506007435126,0.013810460548974987,58898.0,0.14759502478143993,100,1108,0.4813526185083141
MAP4K3,0.07824517150472514,0.06158583930710211,0.016659332197623028,58712.0,0.16081008907326588,100,1108,0.5115968029830861
MAPK14,-0.16416475998202962,-0.183989590231295,0.019824830249265374,57975.0,0.22048703062854058,100,1108,0.6177868150428888
MBNL1,-0.16437705814244757,-0.22775747749399738,0.06338041935154981,59276.0,0.12303672189632037,100,1108,0.43634334705307065
MBNL2,0.1298862453971888,0.09931998822985512,0.030566257167333674,62541.0,0.016292654401588936,100,1108,0.12895039886135634
MDM4,-0.07201830057780248,-0.16499684626123412,0.09297854568343164,68477.0,4.54266315471584e-05,100,1108,0.0033401359598765373
MED12,-0.4794052698676605,-0.563146817688551,0.0837415478208905,63434.0,0.008098823038095542,100,1108,0.07963842654127283
MED13,-0.004736229550950283,-0.06430153076895893,0.059565301218008654,62607.0,0.01550634666538895,100,1108,0.12579523732296785
MED13L,-0.128200282485278,-0.1582102789882563,0.03000999650297828,59780.0,0.0949648691551575,100,1108,0.38280869615961005
MEF2A,-0.007809319468025263,-0.026611964157236566,0.018802644689211303,59619.0,0.1033665566800055,100,1108,0.39482249168181716
MERTK,-0.0868176961258115,-0.07765672555133013,-0.00916097057448137,51854.0,0.8557617270704729,100,1108,0.9999988421071658
METTL15,-0.4181019688703089,-0.3993156929293577,-0.018786275940951225,52004.0,0.8453220548507516,100,1108,0.9999988421071658
MFSD6,0.014305037251206734,0.02670192484132698,-0.012396887590120245,49950.0,0.9485904838704702,100,1108,0.9999988421071658
MGA,-0.2069125336513415,-0.1643387307645192,-0.042573802886822304,48216.0,0.9842352491999181,100,1108,0.9999988421071658
MID1,0.16922567114614676,0.1589509166651793,0.010274754480967457,60413.0,0.0667755692114967,100,1108,0.30305835257525426
MITF,-0.043133094080690014,-0.073948804621031,0.030815710540340983,58252.0,0.1967033302813303,100,1108,0.5699127738954615
MKLN1,-0.12165179214184803,-0.12126577890471303,-0.0003860132371349967,54151.0,0.6457889526739273,100,1108,0.9999988421071658
MLX,-0.3569785571111231,-0.3115744064035499,-0.0454041507075732,49059.0,0.9711529322324198,100,1108,0.9999988421071658
MON2,-0.07882588721117217,-0.1587898607338663,0.07996397352269413,64502.0,0.0032240009070500825,100,1108,0.04451865082288305
MOSPD2,0.17444199121172088,0.1306332441255725,0.043808747086148375,67406.0,0.00016328736090669897,100,1108,0.006623343576777977
MPP1,0.11843592223948521,0.08975997409839626,0.028675948141088953,65474.0,0.0012848766710703038,100,1108,0.025269241197715973
MR1,0.03850306484287081,0.025165240382428157,0.013337824460442654,60633.0,0.05866372675432104,100,1108,0.2820204345448471
MRPL42,-0.1633294185629069,-0.21435413637407214,0.05102471781116524,64027.0,0.004912665491091213,100,1108,0.055935436907336794
MSH2,-0.22048807083861074,-0.2117725399508381,-0.008715530887772632,55192.0,0.5248795151857896,100,1108,0.9439861729923811
MTHFD1,-0.3581928121888076,-0.3505511220994114,-0.007641690089396191,52917.0,0.771353913300037,100,1108,0.9999988421071658
MTMR10,0.01678504638623876,0.02866203820485017,-0.011876991818611408,51438.0,0.88218463270608,100,1108,0.9999988421071658
MTMR9,0.007048329594059224,-0.04787579448937492,0.054924124083434146,66037.0,0.0007275032554553445,100,1108,0.018159600491943022
MYADM,-0.10884237169879164,-0.08844598660720716,-0.02039638509158448,50571.0,0.9258373609124491,100,1108,0.9999988421071658
MYL9,-0.15169944820234776,-0.12447793230232737,-0.027221515900020393,48907.0,0.9740226233901123,100,1108,0.9999988421071658
MYO10,-0.09207175317519214,-0.04935594397358637,-0.042715809201605774,47693.0,0.989468670254541,100,1108,0.9999988421071658
MYO1F,-0.14559826909848717,-0.12867849184384986,-0.016919777254637308,50085.0,0.9441876002151027,100,1108,0.9999988421071658
MYO5A,0.018269644144882916,0.029817228886682028,-0.011547584741799111,54134.0,0.647679910187836,100,1108,0.9999988421071658
MYO9A,-0.029981557982670385,-0.0322981356352509,0.002316577652580514,55826.0,0.4493307416751165,100,1108,0.8884497334897363
MYSM1,-0.09834856188541817,-0.11637207216865644,0.018023510283238273,58950.0,0.14403444285129002,100,1108,0.4760772401724883
N4BP2L2,0.03748673120937134,0.03051325247407293,0.006973478735298411,57343.0,0.2804883386818491,100,1108,0.6921556342377189
NAB1,0.06826221595091214,0.05237026906164876,0.015891946889263382,59727.0,0.09767321370996657,100,1108,0.38348429206136186
NCKAP1L,-0.1521867744619841,-0.14940222136298853,-0.002784553098995557,50241.0,0.9387350762256064,100,1108,0.9999988421071658
NCOA1,-0.09493901500254126,-0.10055335457001645,0.005614339567475188,56625.0,0.356998397844785,100,1108,0.7876443698032807
NCOA3,-0.05915731288696806,-0.06297853915543386,0.003821226268465802,56615.0,0.35811548880776045,100,1108,0.7876443698032807
NDUFA3,-0.24697860827270246,-0.2633107014680368,0.016332093195334352,57971.0,0.22084212802765824,100,1108,0.6177868150428888
NEK6,-0.10952188417675067,-0.11294525206423223,0.003423367887481557,54995.0,0.5482995833790735,100,1108,0.9517167507943579
NEK7,-0.02910557034465614,-0.05607414392398996,0.02696857357933382,60498.0,0.06354418765846695,100,1108,0.29457269850246465
NF1,0.01629294667383707,0.03301264595244067,-0.0167196992786036,55083.0,0.5378536834143615,100,1108,0.9448311867670742
NFAT5,-0.02670721624008625,-0.05494900783131991,0.02824179159123366,61056.0,0.04525681040220528,100,1108,0.24476391625859356
NFYA,-0.3542447273670324,-0.28018863870966887,-0.07405608865736352,41608.0,0.999981711631635,100,1108,0.9999988421071658
NKTR,0.009414908416923193,-0.018731904167167485,0.02814681258409068,59943.0,0.0869825449832769,100,1108,0.36186969034709426
NLK,0.23515012021781762,0.2015157354148288,0.033634384802988804,66769.0,0.00033374095001224976,100,1108,0.010314184597997624
NMD3,-1.1367640542064317,-1.1255908154244794,-0.01117323878195231,53274.0,0.7377625682268172,100,1108,0.9999988421071658
NOL4L,-0.08679697438325931,-0.06841002613026152,-0.01838694825299779,49074.0,0.9708559743587709,100,1108,0.9999988421071658
NPTN,0.05042194800726567,0.01197603107070868,0.03844591693655699,69300.0,1.5903412993950385e-05,100,1108,0.00206426300661476
NR2F1,0.02986518196717336,0.035667737622426594,-0.0058025556552532345,52379.0,0.8170915733580086,100,1108,0.9999988421071658
NRBP1,-1.095893358209011,-1.014760153463546,-0.08113320474546493,48986.0,0.9725624422271458,100,1108,0.9999988421071658
NRIP1,0.15736818329507687,0.14864962017730915,0.008718563117767725,57280.0,0.28687561720394333,100,1108,0.697311893503218
NRP1,0.10668999625344729,0.08974923485122979,0.016940761402217494,59351.0,0.11852608283548233,100,1108,0.4258393210423725
NSF,-2.430625461410439,-2.442657723730646,0.012032262320207376,56108.0,0.41614901955249495,100,1108,0.8475154689188041
NT5DC2,-0.182378414387458,-0.15240206162538222,-0.029976352762075775,46412.0,0.996430218691505,100,1108,0.9999988421071658
NT5E,-0.03663423626355425,-0.007753616960715476,-0.02888061930283877,47215.0,0.9928557030953384,100,1108,0.9999988421071658
NTN4,-0.027857612431994278,-0.03683966587743635,0.008982053445442076,56899.0,0.3268954880705024,100,1108,0.7541275498846377
NUAK1,-0.04276624223260941,-0.026643171011276688,-0.01612307122133272,50872.0,0.9123521838431391,100,1108,0.9999988421071658
NUP43,-1.250065850615525,-1.225543720306388,-0.02452213030913719,54685.0,0.5847847940538761,100,1108,0.9732195692022376
OFD1,0.14754865255854643,0.09633589481303945,0.05121275774550699,69916.0,6.979728666152559e-06,100,1108,0.0015099479681110035
OGT,-1.3449801734557725,-1.4778498047468775,0.13286963129110507,68018.0,7.954760185428901e-05,100,1108,0.004302199466952797
OLFML3,-0.3956632129615156,-0.4044229676224209,0.008759754660905339,55313.0,0.5104466265530903,100,1108,0.9386375015398263
OSBPL9,-0.13645883847300333,-0.15683007179752004,0.020371233324516708,58482.0,0.178187410385709,100,1108,0.5329199508770744
OTUB1,-0.1451364933913214,-0.1566271779660674,0.011490684574746002,55731.0,0.46060135131492597,100,1108,0.8954626081011003
P4HA1,0.043042968653206566,0.027093323236187006,0.01594964541701956,61390.0,0.03651357594853994,100,1108,0.2097107149610834
PABPC1,-1.1056988138318462,-1.1246555911001714,0.01895677726832523,57268.0,0.2881000116663638,100,1108,0.6976750282517541
PAM,0.04448306020364614,0.02803953103711528,0.01644352916653086,61906.0,0.025761368988992867,100,1108,0.16923317095648246
PAN3,-0.06000478814478931,-0.05817749256780882,-0.0018272955769804908,53226.0,0.7424216134510102,100,1108,0.9999988421071658
PAQR5,-0.002010414776462594,0.012723977023588344,-0.014734391800050938,50377.0,0.9336496344717999,100,1108,0.9999988421071658
PARP6,-0.049502261837109034,-0.06781647200137533,0.0183142101642663,60789.0,0.053396014944955224,100,1108,0.2686357651106662
PCDHGB2,-0.015120717889088572,0.01682864511425797,-0.03194936300334654,46707.0,0.9953654992358274,100,1108,0.9999988421071658
PCMTD1,-0.12701100279575903,-0.11306571516117667,-0.01394528763458236,50780.0,0.9166550619537612,100,1108,0.9999988421071658
PCMTD2,-0.1060357548606576,-0.12950709100676586,0.02347133614610826,60867.0,0.050906531541561606,100,1108,0.26207029284383654
PDE4A,-0.13210693505501392,-0.1304379415496391,-0.001668993505374805,55288.0,0.5134303744940498,100,1108,0.9386375015398263
PDE7B,-0.003417027575775466,0.027089551874381647,-0.030506579450157112,46055.0,0.9974219314773142,100,1108,0.9999988421071658
PGAP1,0.009152577717233453,0.006699498617495564,0.0024530790997378893,57529.0,0.26204244648206065,100,1108,0.6695494006569188
PHC1,-0.2894869955927336,-0.27618741865485935,-0.013299576937874258,50809.0,0.9153162082194446,100,1108,0.9999988421071658
PHF20L1,0.12918401978979666,0.09974210090750557,0.029441918882291085,62114.0,0.02224977060942383,100,1108,0.15526990457544157
PHF21A,-0.026089602529651392,-0.024371312644929737,-0.001718289884721655,55508.0,0.4871663203017002,100,1108,0.9182335889168638
PHF8,-0.11322013452608833,-0.12486956425648364,0.011649429730395316,58125.0,0.20740896220916577,100,1108,0.5956124622732238
PHLDA1,-0.02259301161039283,-0.05699406105358099,0.03440104944318816,64706.0,0.002675216248830024,100,1108,0.04133846060692109
PIAS1,-0.3036535258320754,-0.30535144241008244,0.0016979165780070526,55132.0,0.5320254099443089,100,1108,0.9439861729923811
PICALM,-0.03356054478431852,-0.08067390370852129,0.04711335892420277,63343.0,0.008722430582110125,100,1108,0.08324790364396283
PIGA,0.08350392835260735,0.05044447930706832,0.03305944904553903,64070.0,0.004732483518646591,100,1108,0.05561498486858301
PIK3C3,-0.7660794489963776,-0.7141938338316003,-0.0518856151647773,50857.0,0.9130648296570008,100,1108,0.9999988421071658
PIK3IP1,-0.023767846100647496,-0.010948343493396113,-0.012819502607251383,52453.0,0.811162567814915,100,1108,0.9999988421071658
PIKFYVE,-0.014085184321553685,-0.028505086652171416,0.014419902330617731,59741.0,0.09695235844904626,100,1108,0.38348429206136186
PKP4,-0.0033058917728748007,-0.003154296142598713,-0.00015159563027608786,54014.0,0.66092183279915,100,1108,0.9999988421071658
PLCB1,0.10515139097524673,0.1014129774867261,0.0037384134885206227,57252.0,0.2897363630936921,100,1108,0.6990293667204691
PLCG2,0.10171543098269123,0.10592644899527447,-0.004211018012583237,53748.0,0.6895567180623605,100,1108,0.9999988421071658
PLD3,0.024112837079924464,0.034961112837527925,-0.01084827575760346,51589.0,0.8730201417714214,100,1108,0.9999988421071658
PLEK,-0.0688179846488342,-0.06126591596871297,-0.007552068680121225,53282.0,0.7369818844679314,100,1108,0.9999988421071658
PLEKHM2,-0.0899395436796865,-0.1201646364065891,0.030225092726902603,61570.0,0.03240727585874999,100,1108,0.19656375731148357
PLXNC1,-0.05758185852399204,-0.030913731856953147,-0.02666812666703889,47702.0,0.9893933279549071,100,1108,0.9999988421071658
PMEPA1,-0.044734676049910355,-0.041034786740513106,-0.0036998893093972487,54443.0,0.6127831604644125,100,1108,0.9890528859395071
PMP22,0.02498521066487365,0.03302894558251989,-0.00804373491764624,53918.0,0.6713750045732427,100,1108,0.9999988421071658
PNISR,-0.32351084334632196,-0.33447994672917175,0.010969103382849787,58650.0,0.16538171191353612,100,1108,0.5160437040153251
POC1B,-0.09910883035906648,-0.14077407435135206,0.04166524399228558,65129.0,0.0017970743039568663,100,1108,0.03239725620188906
POLH,-0.18463044155634104,-0.16638357200223336,-0.018246869554107675,50450.0,0.9307882859400761,100,1108,0.9999988421071658
PON2,-0.024521334474245177,-0.01752659915179911,-0.006994735322446068,55660.0,0.4690458732554991,100,1108,0.9000182301320921
POU2F1,-0.25220561315878404,-0.262246443863714,0.010040830704929948,56837.0,0.33361770985718275,100,1108,0.7597119077098653
PPME1,-0.3320627109582787,-0.31881026525507056,-0.01325244570320816,52339.0,0.8202475224208093,100,1108,0.9999988421071658
PPP1R9A,0.04069996367397779,0.051306174318609746,-0.010606210644631957,51808.0,0.858865776501649,100,1108,0.9999988421071658
PPP2R5C,-0.13857464873877315,-0.14462582649239683,0.006051177753623682,56369.0,0.38595683890024846,100,1108,0.814472702671359
PPP3CB,-0.030503830965919073,-0.030961312303433824,0.0004574813375147514,54646.0,0.5893301859730037,100,1108,0.9732195692022376
PPP3R1,0.006854418440688538,-0.016416956005567074,0.023271374446255613,59870.0,0.0904932045582309,100,1108,0.3717094288499484
PPT1,-0.00551194917758196,-0.0002167217815067646,-0.005295227396075196,53854.0,0.6782706443588128,100,1108,0.9999988421071658
PRKAA1,0.06454370794404568,0.014005507412506361,0.05053820053153932,67014.0,0.0002545448909199896,100,1108,0.009177757455948513
PRKCH,0.03750612807538485,0.04065982506457671,-0.003153696989191858,53343.0,0.7309903639111444,100,1108,0.9999988421071658
PRNP,0.06713716896368802,0.014601837946604688,0.052535331017083325,68376.0,5.146588536019318e-05,100,1108,0.0033401359598765373
PRPF19,-2.660816751124603,-2.6525004266119963,-0.008316324512606776,54337.0,0.6248736559656185,100,1108,0.9901249741739493
PRPF39,-0.48442855717652783,-0.47137910382480697,-0.013049453351720863,54841.0,0.5664954245049316,100,1108,0.9599361109757196
PRUNE2,-0.026016019580331062,0.006899954992516749,-0.03291597457284781,46525.0,0.9960515042231529,100,1108,0.9999988421071658
PSMC3IP,-0.09710560216788922,-0.1034919594512601,0.006386357283370878,56881.0,0.3288414431700346,100,1108,0.7541275498846377
PSMD10,-0.1784583104519335,-0.13361165579440754,-0.044846654657525964,50799.0,0.9157796921067148,100,1108,0.9999988421071658
PSMG2,-0.6733827088562157,-0.7485102587839852,0.0751275499277696,61903.0,0.025815229467938003,100,1108,0.16923317095648246
PTCH1,0.029551625901278446,0.018083157415726123,0.011468468485552323,60205.0,0.07521848136120478,100,1108,0.32984320542852635
PTEN,0.4106530825623617,0.3942057761994257,0.01644730636293601,57119.0,0.30350432365119484,100,1108,0.7162702038168198
PTK2,-0.6373997381216697,-0.5989118020229677,-0.03848793609870205,50130.0,0.9426555808389234,100,1108,0.9999988421071658
PTPN4,-0.07423233362571312,-0.07964631384189781,0.005413980216184694,55169.0,0.5276198469971309,100,1108,0.9439861729923811
PTPN6,0.00042101065004123317,0.0015398545099175357,-0.0011188438598763025,55207.0,0.5230916998260515,100,1108,0.9439861729923811
PTPRA,0.044766022737635164,0.033912135910927316,0.010853886826707848,58855.0,0.1505835247580764,100,1108,0.4862124754626447
PTPRJ,0.07170832359582031,0.061419603303496,0.010288720292324312,58978.0,0.14214139742782683,100,1108,0.47307572784953644
PTPRO,0.06810302511271078,0.07920752792805107,-0.011104502815340284,52758.0,0.7854993640131549,100,1108,0.9999988421071658
PTPRS,0.06744988269496201,0.06449123555177616,0.002958647143185847,57233.0,0.29168517587757414,100,1108,0.7009997835367491
QKI,-0.01987479446788404,-0.03241851727204386,0.012543722804159819,56096.0,0.41755062634227924,100,1108,0.8475154689188041
QRICH1,-0.3037562377889672,-0.3463874226633509,0.042631184874383665,60269.0,0.07253818115262799,100,1108,0.3224471203291477
QSER1,0.10855435877212645,0.10849694584528831,5.74129268381407e-05,57315.0,0.283318621258255,100,1108,0.6964916105932102
RAB10,-0.5844879440152984,-0.4828929785818106,-0.10159496543348778,46418.0,0.9964109606904265,100,1108,0.9999988421071658
RAB11A,-0.31713721199238043,-0.33163213727260654,0.014494925280226112,59140.0,0.13152003270300788,100,1108,0.4516216995992175
RAB11FIP2,0.06266314233711327,0.025895197784636195,0.036767944552477075,63081.0,0.01075876626426415,100,1108,0.09564985350010183
RAB1A,-0.14826899072910962,-0.1860567444145597,0.037787753685450065,64807.0,0.0024360466784521333,100,1108,0.038560836446717914
RAB2B,-0.06093028967326194,-0.05996180795325236,-0.0009684817200095799,54281.0,0.631212736826849,100,1108,0.9943132674772451
RAB30,0.015840025041442683,0.02406072764402396,-0.008220702602581276,54593.0,0.5954879652632585,100,1108,0.9770787019836635
RAB8B,0.04628664732808567,0.023498901508764616,0.022787745819321054,60444.0,0.06558264300631952,100,1108,0.2997403895147984
RABGAP1L,-0.056638994016369716,-0.058631542723321856,0.0019925487069521394,56310.0,0.3927287777687014,100,1108,0.8221966992641524
RAC2,-0.11620495793996209,-0.11697445147007761,0.000769493530115517,53881.0,0.6753688541786708,100,1108,0.9999988421071658
RAD50,-0.06785110393273537,-0.12052447726189103,0.05267337332915566,61845.0,0.026875194134604194,100,1108,0.17269307914215962
RAF1,-0.09799541448471512,-0.1470390146001468,0.04904360011543167,59458.0,0.11229517981092707,100,1108,0.4164546954130952
RALGAPA1,-0.2181636458786811,-0.1874870067707784,-0.030676639107902692,51521.0,0.8772068421545975,100,1108,0.9999988421071658
RALGAPA2,-0.007473353271462907,-0.0012715816181686583,-0.006201771653294249,53419.0,0.7234308878078917,100,1108,0.9999988421071658
RALGDS,0.018454724793660993,0.01232095245313453,0.006133772340526464,57223.0,0.2927133148512465,100,1108,0.7009997835367491
RAP1B,-0.4391676865215793,-0.423774049154178,-0.015393637367401292,51563.0,0.8746325217439688,100,1108,0.9999988421071658
RAP1GAP2,0.14162565553786374,0.14072316502804677,0.0009024905098169722,54768.0,0.5750741428597288,100,1108,0.9694106979635428
RASA1,0.022241394416492623,0.04181511598253165,-0.01957372156603903,51339.0,0.8879331243241388,100,1108,0.9999988421071658
RBM6,-0.12990961699406595,-0.12166832983255604,-0.008241287161509903,54431.0,0.6141576472012655,100,1108,0.9890528859395071
RBMS2,-0.01339498179054812,-0.029769175613775387,0.016374193823227266,61772.0,0.028260695532836097,100,1108,0.17806981942534592
RBX1,-1.0480540073788394,-1.0309684489195066,-0.017085558459332795,56211.0,0.4041641721026566,100,1108,0.8353584321484845
RC3H1,-0.17905121085159345,-0.16037348998203704,-0.018677720869556408,51526.0,0.8769023342100346,100,1108,0.9999988421071658
RC3H2,0.0808653568841112,0.06596702514037381,0.014898331743737392,57702.0,0.24546187372972178,100,1108,0.6528096576945223
RDH10,-0.24290022617435192,-0.1753587372073371,-0.06754148896701481,43683.0,0.9997734521030172,100,1108,0.9999988421071658
RGL1,0.07373361361933774,0.035395852167756925,0.03833776145158081,66106.0,0.0006772797408258206,100,1108,0.017582182071838304
RICTOR,-0.38106262776832234,-0.4561435757432646,0.07508094797494225,63597.0,0.007079237117161237,100,1108,0.0744744161514634
RIMKLA,-0.05358854651120582,-0.06000279265110664,0.0064142461399008185,56446.0,0.37717118428008944,100,1108,0.8103047751327788
RIN2,0.042342601683883554,0.03904174761043591,0.0033008540734476427,57286.0,0.2862643460272807,100,1108,0.697311893503218
RNF130,0.05688201746712292,0.056593081920385355,0.00028893554673756205,54470.0,0.6096854148672428,100,1108,0.9890528859395071
RNF19A,-0.010702243475168207,-0.0308568924368049,0.020154648961636695,61875.0,0.026322486215763507,100,1108,0.17083293554030518
RNF217,-0.017697726324836065,-0.01592155336544611,-0.0017761729593899558,57159.0,0.2993329060498526,100,1108,0.7116009378254736
RNF38,-0.053220317515572046,-0.03409427746261813,-0.019126040052953916,50001.0,0.946960800216497,100,1108,0.9999988421071658
RNH1,-0.14942295055297478,-0.14267526319128615,-0.006747687361688626,56082.0,0.4191871579706258,100,1108,0.8475154689188041
ROCK1,-0.06610738421347744,-0.03570758639489757,-0.030399797818579863,48148.0,0.9850222251913577,100,1108,0.9999988421071658
ROCK2,0.06750425688740705,0.06590966182344132,0.0015945950639657258,55162.0,0.5284536075993975,100,1108,0.9439861729923811
RPL21,-3.143973098650267,-3.2499498925503296,0.10597679390006265,7581.0,0.1242254832217865,40,341,0.43816488375510565
RPL31,-2.5925205427455467,-2.6385075912415292,0.04598704849598256,58494.0,0.17725250555528976,100,1108,0.5325781301175141
RPRD2,-0.26960449570225764,-0.21429610280354827,-0.05530839289870937,48476.0,0.9808909092568494,100,1108,0.9999988421071658
RPS2,-1.9778565717414403,-2.0353243334680458,0.057467761726605504,7502.0,0.1664836366102655,40,343,0.5160437040153251
RPS6KB1,-0.1472512083967466,-0.17990191795538554,0.03265070955863894,64054.0,0.004798827662004081,100,1108,0.05561498486858301
RPS6KC1,-0.02561384918997601,-0.05933715113842214,0.033723301948446124,64984.0,0.0020631113986115603,100,1108,0.035235770992076386
RPSA,-2.629630368720564,-2.611641291856855,-0.017989076863709208,5146.0,0.6542792596809358,38,282,0.9999988421071658
RRAGA,-0.3992793183258753,-0.3683706326677347,-0.030908685658140644,51734.0,0.863763580843175,100,1108,0.9999988421071658
RSBN1,-0.00966415144448749,-0.03951776239098749,0.0298536109465,63998.0,0.005037610332748171,100,1108,0.05636912251644074
RSPRY1,-0.046749409704252745,-0.044037958932759316,-0.002711450771493429,54374.0,0.6206666313450339,100,1108,0.9901249741739493
RUNX1,0.07172405375404872,-0.02014060276957233,0.09186465652362105,67513.0,0.0001443250730240171,100,1108,0.006244464826172473
RUNX3,-0.052647156577941834,-0.07920051795496034,0.02655336137701851,58910.0,0.14676816430252998,100,1108,0.48107342743607046
SBF2,0.11685320470383287,0.06928622637714103,0.047566978326691836,68539.0,4.2057813450973505e-05,100,1108,0.0033401359598765373
SEC24C,-0.028817744763182714,-0.020038280416354352,-0.008779464346828362,53167.0,0.7480888977053557,100,1108,0.9999988421071658
SECISBP2L,-0.07413835131436305,-0.06421610323495207,-0.009922248079410986,51794.0,0.8598014294849649,100,1108,0.9999988421071658
SEMA3A,0.011802014468951684,0.0195890573986941,-0.007787042929742414,53763.0,0.6879701072571633,100,1108,0.9999988421071658
SESN3,0.029126981593430905,0.041463442283549194,-0.01233646069011829,52280.0,0.824839679555844,100,1108,0.9999988421071658
SETD5,-0.3014197307764871,-0.2895868302577636,-0.011832900518723488,52940.0,0.7692652102463152,100,1108,0.9999988421071658
SETD7,-0.0653173489518382,-0.034860105557693866,-0.030457243394144337,46327.0,0.9966932493581652,100,1108,0.9999988421071658
SGCB,0.06405113576972914,0.05302797835263897,0.011023157417090167,57651.0,0.2502904553323967,100,1108,0.6549939738335704
SH3D19,0.028534483841367413,0.0020967744702883808,0.026437709371079032,64288.0,0.003906636880390526,100,1108,0.04898576773871381
SH3GLB1,0.07439843710167572,0.04900988820597323,0.025388548895702488,60537.0,0.06210288788102833,100,1108,0.2903045862564074
SH3KBP1,0.12711514002229024,0.13455587217682427,-0.00744073215453403,53177.0,0.747132995107091,100,1108,0.9999988421071658
SIRPA,0.09291257192836785,0.017700536830171882,0.07521203509819598,8622.0,0.003924899726368441,40,343,0.04898576773871381
SIRT5,0.005443711490780207,-0.016176587203219697,0.021620298693999902,61411.0,0.036013589659478054,100,1108,0.20868589008036836
SKIL,0.0021747611868495626,-0.009836319104429204,0.012011080291278767,58150.0,0.20527475119817734,100,1108,0.5921036156782982
SLC12A6,-0.02903717134906728,-0.045949730698984254,0.016912559349916974,61268.0,0.03953171639355012,100,1108,0.22309638208186108
SLC23A2,0.015369097784940606,0.02408379562550414,-0.008714697840563534,55117.0,0.5338103628477717,100,1108,0.9439861729923811
SLC38A9,0.05154953375431317,0.07006400361237541,-0.018514469858062245,51025.0,0.9048326778994444,100,1108,0.9999988421071658
SLC4A7,-0.5005167917934606,-0.44280163324504157,-0.05771515854841908,49813.0,0.9527715609289916,100,1108,0.9999988421071658
SLC52A3,0.12505173737486294,0.10415765684628986,0.020894080528573084,57098.0,0.3057046602418458,100,1108,0.7188490018005721
SLC9A3,-0.14634426497889658,-0.14018700932622075,-0.00615725565267583,55436.0,0.495761249638984,100,1108,0.9272306945697423
SLC9A7,0.012182624375514541,0.018228884122697415,-0.006046259747182875,54318.0,0.6270282964337337,100,1108,0.9901249741739493
SLU7,-1.3009030253272966,-1.2906558170178224,-0.010247208309474232,52011.0,0.8448229717771367,100,1108,0.9999988421071658
SMAD3,-0.016637960730194228,-0.01724494915544926,0.0006069884252550319,57386.0,0.27616866316244654,100,1108,0.6921556342377189
SMAD4,-0.056871972629322844,-0.05841415036965413,0.001542177740331288,55303.0,0.5116402052477551,100,1108,0.9386375015398263
SMARCA2,-0.1277129282181053,0.0426489833425311,-0.1703619115606364,50263.0,0.9379337303308245,100,1108,0.9999988421071658
SMG1,-1.2584963923553132,-1.3728380173249273,0.11434162496961409,7900.0,0.058345224813152886,40,343,0.2820204345448471
SMOC1,-0.0849151766884121,-0.06024311927428665,-0.024672057414125453,49171.0,0.9688737557984782,100,1108,0.9999988421071658
SNRPF,-3.188636839396633,-3.2340919791700884,0.0454551397734555,57582.0,0.2569025519863196,100,1108,0.6642619770482926
SNX18,-0.07983279814197716,-0.08499429216359974,0.005161494021622581,55541.0,0.48322872808704265,100,1108,0.9170042237675167
SOS2,-0.0752942364769166,-0.08285552275770887,0.007561286280792265,57364.0,0.27837464721679794,100,1108,0.6921556342377189
SP3,-0.22524804038203047,-0.17498136600944808,-0.05026667437258239,48236.0,0.9839971398982783,100,1108,0.9999988421071658
SP4,0.047177765891211504,0.062396189252740035,-0.015218423361528531,49529.0,0.9605703606723658,100,1108,0.9999988421071658
SPG11,-0.05812875942384853,-0.0732967839446425,0.015168024520793966,59507.0,0.10952129490074414,100,1108,0.41325186273594733
SPI1,-0.0614603008058284,-0.09315551500055481,0.031695214194726415,57025.0,0.3134077833060865,100,1108,0.7271723493884514
SPIN1,0.030876149957704567,0.014796696656551762,0.016079453301152805,59929.0,0.0876478161568609,100,1108,0.3623148578713549
SPINK5,0.08291224453880526,0.08003061805051477,0.0028816264882904896,57681.0,0.24744403049746144,100,1108,0.6528096576945223
SRPK2,-0.10424115476476337,-0.08431587584082995,-0.01992527892393342,51616.0,0.8713305293445517,100,1108,0.9999988421071658
SRSF11,-1.1279988373552152,-1.1225796924453968,-0.00541914490981843,54041.0,0.6579589773177373,100,1108,0.9999988421071658
SS18,0.08752586500864241,0.03517376080004243,0.05235210420859998,64384.0,0.0035858231808603646,100,1108,0.04749386213017095
SSBP2,-0.06700073238390514,-0.07674685946245365,0.009746127078548508,56239.0,0.40092114288002806,100,1108,0.8313029448215278
STARD9,-0.14645229186279504,-0.12982314689163751,-0.016629144971157528,50252.0,0.9383354196375691,100,1108,0.9999988421071658
STAT2,-0.0953351768794918,-0.0749070155053655,-0.0204281613741263,47915.0,0.9874679925078773,100,1108,0.9999988421071658
STAT3,-0.18425419606699808,-0.10659227103312552,-0.07766192503387256,43387.0,0.9998382073259751,100,1108,0.9999988421071658
STAU1,0.017483774625506425,-7.576516076394188e-05,0.017559539786270367,60697.0,0.05645526661080883,100,1108,0.2775717275031434
STAU2,0.012463684595585294,0.019706285342491945,-0.007242600746906651,53721.0,0.6924037331442122,100,1108,0.9999988421071658
STK38L,-0.015911921949137667,0.024502738959907996,-0.04041466090904566,46976.0,0.994156517580779,100,1108,0.9999988421071658
STK4,-0.018597224278312653,-0.02671553878913206,0.008118314510819406,57044.0,0.31139482767113424,100,1108,0.7269613063257775
STRN3,-0.15885943388912396,-0.16225238685865614,0.0033929529695321814,56714.0,0.3471112379623901,100,1108,0.7768110118537626
STX16,0.06687461792613615,0.057290343644138826,0.009584274281997325,59208.0,0.12722919204330557,100,1108,0.4439341163231469
STXBP3,-0.38121085847835195,-0.35390560647355623,-0.02730525200479572,54933.0,0.55563959833559,100,1108,0.953906920821722
SUMF2,-0.016804674964577257,0.016297176721270786,-0.03310185168584805,49125.0,0.9698272611852699,100,1108,0.9999988421071658
SUPT6H,-1.9667984495065785,-1.910439737149212,-0.05635871235736656,49782.0,0.9536787677888263,100,1108,0.9999988421071658
SYK,0.04777609965952782,0.008201184478906047,0.03957491518062177,62002.0,0.024086851050857915,100,1108,0.16283714929173734
SYNE2,0.022174901575730967,0.017154158457583807,0.00502074311814716,59618.0,0.10342037532497522,100,1108,0.39482249168181716
TAB2,-0.005542736985839061,0.0031172558259911355,-0.008659992811830197,54741.0,0.5782383328771505,100,1108,0.972219373153551
TAF15,0.01652293116601944,-0.0025881984268571264,0.019111129592876565,59354.0,0.1183481205379065,100,1108,0.4258393210423725
TANC2,-0.0001626843210187421,0.012050565123383341,-0.012213249444402084,52082.0,0.8397008283501616,100,1108,0.9999988421071658
TAOK1,0.11632648406771194,0.14730052192077597,-0.030974037853064032,52268.0,0.8257644910897706,100,1108,0.9999988421071658
TAOK3,-0.03359850366487172,-0.04557530181567179,0.01197679815080007,56364.0,0.3865294182169161,100,1108,0.814472702671359
TBC1D15,0.18692528266265268,0.0857871946006052,0.10113808806204748,70454.0,3.3105046503835243e-06,100,1108,0.0010742587590494535
TBCEL,0.03139971230884374,0.023960835667045936,0.007438876641797803,56732.0,0.34512391870757797,100,1108,0.7750360665786094
TBCK,0.0876758096038423,0.06648155232275837,0.021194257281083928,58827.0,0.15255104351555993,100,1108,0.4901268675326653
TCF12,0.06722852655302965,0.03911777838620881,0.02811074816682084,58658.0,0.1647871451417106,100,1108,0.5160437040153251
TCF4,0.09203914313313433,0.05946139878919442,0.03257774434393991,62338.0,0.018928580993953392,100,1108,0.13863596841185935
TCF7L2,-0.05980782230430693,-0.10748839885294083,0.0476805765486339,57753.0,0.24068379618708274,100,1108,0.6508490988559029
TCN2,-0.056811398511898405,-0.05433995025741811,-0.002471448254480292,54886.0,0.5611912530649373,100,1108,0.9559399560082528
TEC,-0.02235517536890383,-0.022272098904350973,-8.307646455285589e-05,53376.0,0.727720733326825,100,1108,0.9999988421071658
TGOLN2,-0.1406494256283103,-0.13101549440244703,-0.009633931225863257,53208.0,0.744157606504144,100,1108,0.9999988421071658
TIAL1,-0.053240970362667096,-0.08678177907154237,0.033540808708875276,57754.0,0.24059061714534596,100,1108,0.6508490988559029
TIMP1,0.0198116438482838,0.03250459019629099,-0.012692946348007189,51657.0,0.8687351018506844,100,1108,0.9999988421071658
TIMP2,0.05639404707981465,0.0250588358089611,0.03133521127085355,62564.0,0.0160148460568258,100,1108,0.1283164826034561
TLK1,-0.12437169741272726,-0.13239659490262026,0.008024897489893004,58666.0,0.16419396475279685,100,1108,0.5160437040153251
TMCC1,-0.013096597858050832,-0.004930827635434166,-0.008165770222616666,53129.0,0.7517038625711483,100,1108,0.9999988421071658
TMEM106B,-0.011110046907118002,0.0005079827809993129,-0.011618029688117315,54198.0,0.6405423976688166,100,1108,0.9999988421071658
TMEM127,-0.30960636458566815,-0.2838850588856341,-0.02572130570003406,48473.0,0.9809326947427237,100,1108,0.9999988421071658
TMEM259,-0.05287750741326226,-0.06784086174170326,0.014963354328440995,57632.0,0.25210213011415883,100,1108,0.6570854716630083
TMPO,-0.06844541329269402,-0.0880318935861051,0.019586480293411077,60737.0,0.05510859762245271,100,1108,0.27511907582286005
TMX3,0.10210579839745623,0.09481296419024969,0.007292834207206542,56243.0,0.4004584042209818,100,1108,0.8313029448215278
TMX4,0.107260435342103,0.12094529368383275,-0.01368485834172975,52490.0,0.8081541555558811,100,1108,0.9999988421071658
TNFAIP3,0.0391284219512239,0.03460178117439025,0.004526640776833651,56649.0,0.3543223926931248,100,1108,0.7876443698032807
TNFSF12,-0.08651845973717923,-0.07683589644017762,-0.009682563297001609,49899.0,0.9501800881751119,100,1108,0.9999988421071658
TNKS,0.01774307495159176,-0.022007185857156268,0.03975026080874803,62298.0,0.01948867588169308,100,1108,0.14053500719132012
TNRC6A,-0.06363702946902458,-0.06309384650164061,-0.0005431829673839678,55197.0,0.5242836306057418,100,1108,0.9439861729923811
TNRC6C,-0.06418609685039806,-0.0533530637006423,-0.010833033149755755,52146.0,0.8349900547764806,100,1108,0.9999988421071658
TNS1,0.03813946047342871,0.047010480487274756,-0.008871020013846043,53650.0,0.6998348927557607,100,1108,0.9999988421071658
TNS3,-0.32804218051369893,-0.24116339882744614,-0.08687878168625279,39618.0,0.9999988421071658,100,1108,0.9999988421071658
TNXB,-0.18581976627758934,-0.1847307036872429,-0.0010890625903464402,56092.0,0.4180180624136302,100,1108,0.8475154689188041
TOM1,-0.04359661803430066,-0.07103849658434404,0.027441878550043375,60309.0,0.07090052716197918,100,1108,0.3193439160385279
TOP2B,0.031959932211453136,-0.0029402807818719235,0.03490021299332506,63537.0,0.0074405595316532356,100,1108,0.07664957358798334
TPD52L1,0.033176735636098076,0.018980745070334547,0.014195990565763528,59494.0,0.11025238193892345,100,1108,0.41360575652231973
TRAF3IP2,0.08023276996865446,0.07096564360416595,0.00926712636448851,57805.0,0.23586462396355534,100,1108,0.648164477124529
TRAF5,0.07081859327853289,0.08137826686885258,-0.010559673590319688,51051.0,0.9035089814684196,100,1108,0.9999988421071658
TRIB1,-0.08956603401626168,-0.04190297801123162,-0.047663056005030055,47445.0,0.9913691580759721,100,1108,0.9999988421071658
TRIM24,0.11395982959424242,0.08084732975802494,0.033112499836217474,64337.0,0.0037398091545269353,100,1108,0.048542722825759624
TRIM44,0.10621547897605156,0.06818262047039815,0.03803285850565341,65511.0,0.0012387388387444349,100,1108,0.025123172073285568
TRIO,-0.14410950892906957,-0.1177884501391599,-0.026321058789909674,47998.0,0.9866396104408123,100,1108,0.9999988421071658
TRIP11,-0.023778459383462455,-0.039877971711809596,0.01609951232834714,59672.0,0.10054319465219042,100,1108,0.38840793648375943
TRIP12,-0.24536033384436795,-0.1974176062094833,-0.04794272763488466,48597.0,0.9791394613621941,100,1108,0.9999988421071658
TRMT6,-0.39957567871040567,-0.4147766430566641,0.01520096434625845,56826.0,0.3348160404745053,100,1108,0.7597748610767621
TRPM7,-0.9193445817362575,-0.712688866725632,-0.20665571501062552,41968.0,0.9999709447900633,100,1108,0.9999988421071658
TSPAN5,-0.0075987508920242796,0.0005914708193997158,-0.008190221711423995,52361.0,0.8185160066113195,100,1108,0.9999988421071658
TUBB3,-0.04032134846441196,-0.03543015214480443,-0.004891196319607528,55738.0,0.4597696917128619,100,1108,0.8954626081011003
TXNIP,0.10488818372554995,0.09452964142093571,0.010358542304614235,60014.0,0.08366664358152076,100,1108,0.3605904335778275
UBAP2L,-0.2515897661130578,-0.24701385265141132,-0.004575913461646458,54092.0,0.6523359790560381,100,1108,0.9999988421071658
UBASH3B,0.057081476574320805,0.06922766619139198,-0.012146189617071174,52364.0,0.8182790844969552,100,1108,0.9999988421071658
UBE2B,0.06264039999901942,0.04795988987192923,0.014680510127090193,59767.0,0.09562400300095286,100,1108,0.38308628362727415
UBE2C,-0.6528573526741468,-0.6717123307477413,0.018854978073594486,57692.0,0.24640469244304525,100,1108,0.6528096576945223
UBE2D4,-0.11812985409132928,-0.11589450100712703,-0.0022353530842022518,54969.0,0.5513798124787035,100,1108,0.9517167507943579
UBE2L3,-1.220372022117195,-1.2133383452693625,-0.007033676847832515,55379.0,0.502567161085644,100,1108,0.9345733167466561
UBE2Q2,0.0048863783094988174,0.007321896539407198,-0.0024355182299083808,55881.0,0.4428236974164513,100,1108,0.8842848603793134
UBN2,-0.07937007292890674,-0.06554991603800916,-0.013820156890897578,50818.0,0.9148974395347946,100,1108,0.9999988421071658
UBR1,-0.00973811810400019,-0.020652782652650033,0.010914664548649844,56182.0,0.40752997843445216,100,1108,0.8360091418922874
UBR5,-0.6152915587275299,-0.5507938040358773,-0.06449775469165264,48495.0,0.9806244558372716,100,1108,0.9999988421071658
UBXN2B,0.04140865871870059,-0.0032166381900406533,0.044625296908741244,65568.0,0.0011706212558596448,100,1108,0.025123172073285568
UCP2,0.023432050849112183,0.011330439297518872,0.012101611551593311,58797.0,0.15467794514924843,100,1108,0.49451224828503565
UGDH,-0.14989900925542574,-0.1399207169324582,-0.009978292322967541,51936.0,0.8501150463133679,100,1108,0.9999988421071658
UGGT1,-0.018210869443069936,-0.006832617316582678,-0.011378252126487258,52518.0,0.8058581299758073,100,1108,0.9999988421071658
USP24,-0.23305071954193746,-0.18602587323754624,-0.047024846304391216,45759.0,0.9980473208233318,100,1108,0.9999988421071658
USP34,-0.128290707872136,-0.1211539463515546,-0.007136761520581403,52953.0,0.7680799403052294,100,1108,0.9999988421071658
USP9Y,0.363369242932244,0.39864959667573746,-0.035280353743493476,5358.0,0.988322562095221,40,343,0.9999988421071658
VEZF1,-0.15935251111000817,-0.21738015657152235,0.05802764546151418,61689.0,0.029907700918935246,100,1108,0.1848580752037045
VKORC1,-0.032042962409213574,-0.03198571966635337,-5.724274286020292e-05,55651.0,0.47011738060828845,100,1108,0.9000182301320921
VPS13B,0.062379603667635425,0.06743380065613819,-0.005054196988502763,55289.0,0.5133110378974853,100,1108,0.9386375015398263
VPS25,-2.4578882805075644,-2.503470557058824,0.04558227655125968,57993.0,0.2188931472138198,100,1108,0.6177868150428888
VPS29,-0.36821863125224574,-0.39944265051423417,0.031224019261988423,59336.0,0.11941873101650508,100,1108,0.4258393210423725
VPS39,-0.2986630702590005,-0.26382220613458673,-0.034840864124413784,48849.0,0.9750527828114965,100,1108,0.9999988421071658
VPS54,-0.46137392865235805,-0.5116333535200112,0.05025942486765311,61772.0,0.028260695532836097,100,1108,0.17806981942534592
WAC,-0.42596422677726514,-0.3859293380164505,-0.040034888760814624,52154.0,0.8343949681556788,100,1108,0.9999988421071658
WDFY1,0.08371898221955801,0.06718287192423421,0.0165361102953238,60538.0,0.06206626966917555,100,1108,0.2903045862564074
WDFY3,0.012761076723220778,0.0063121895194935135,0.006448887203727265,56249.0,0.3997645583149636,100,1108,0.8313029448215278
WDR11,0.075136427915142,0.030908724759449693,0.0442277031556923,66252.0,0.0005813813196832921,100,1108,0.016405064194541588
WDR26,-0.5960836569711319,-0.5138337905364888,-0.08224986643464305,45769.0,0.9980286723684045,100,1108,0.9999988421071658
WDR45B,0.02166058014116521,0.00024283366944621824,0.02141774647171899,61272.0,0.03942963932763426,100,1108,0.22309638208186108
WDR48,-0.4787879106748781,-0.44553653562916706,-0.03325137504571102,54361.0,0.6221464329605431,100,1108,0.9901249741739493
WDTC1,-0.32172305223612485,-0.2971278639814756,-0.024595188254649236,48116.0,0.9853807267330059,100,1108,0.9999988421071658
WNK1,-1.0972443770617883,-1.0106180806862002,-0.08662629637558816,48957.0,0.9731062166537505,100,1108,0.9999988421071658
WSB1,-0.027292557289953653,-0.04490793412193061,0.017615376831976955,55967.0,0.43268053251185634,100,1108,0.8693797696600457
WWP1,-0.036940828799141935,-0.047382223866887715,0.01044139506774578,59208.0,0.12722919204330557,100,1108,0.4439341163231469
XRN1,-0.6237813995555769,-0.6821980283184025,0.058416628762825606,59459.0,0.11223807264209945,100,1108,0.4164546954130952
YAP1,-0.410180880490381,-0.3869864781798739,-0.023194402310507067,54714.0,0.581397479678063,100,1108,0.9732195692022376
YLPM1,-0.1069120002113788,-0.10836778080727504,0.0014557805958962389,56451.0,0.3766028247338488,100,1108,0.8103047751327788
YPEL3,-0.2820354982698876,-0.24779456834046637,-0.03424092992942124,48823.0,0.9755033355153736,100,1108,0.9999988421071658
YPEL5,-0.9294099546254165,-0.8313562965930823,-0.09805365803233423,47295.0,0.992366466089564,100,1108,0.9999988421071658
ZBTB10,0.020678979915281295,0.02583325882648219,-0.005154278911200894,54218.0,0.6383016914671357,100,1108,0.9999988421071658
ZBTB20,0.1321906723980832,0.10383855200400746,0.028352120394075725,59818.0,0.09305736965352018,100,1108,0.37983794279958866
ZBTB38,-0.028057146601831638,0.001797400583604102,-0.029854547185435742,44822.0,0.9992276482289176,100,1108,0.9999988421071658
ZEB2,-0.25996177845751456,-0.36692731274474255,0.10696553428722799,62872.0,0.012668535929989448,100,1108,0.10818262919162043
ZFAND5,-0.3832424160852754,-0.33634269127825667,-0.046899724807018706,49245.0,0.9672876393976495,100,1108,0.9999988421071658
ZFAND6,0.019980054135045985,0.004018387436643868,0.015961666698402117,58627.0,0.16709881230210144,100,1108,0.5160437040153251
ZFP36L1,-0.3414340921110995,-0.2704776351833377,-0.07095645692776181,49516.0,0.9609006310937324,100,1108,0.9999988421071658
ZFP90,0.015944975130417385,0.029401237187212527,-0.013456262056795142,52813.0,0.7806647735563892,100,1108,0.9999988421071658
ZFR,-0.27863036200183233,-0.3227253926465921,0.04409503064475978,62364.0,0.018571909920307474,100,1108,0.13863596841185935
ZFYVE16,-0.06011115860405361,-0.0620851610555888,0.0019740024515351867,55295.0,0.5125949936604584,100,1108,0.9386375015398263
ZMYM2,-0.062048600244508624,-0.08071922703484977,0.018670626790341142,58498.0,0.17694156025722996,100,1108,0.5325781301175141
ZNF106,-0.11961586423404173,-0.13704033327074563,0.017424469036703902,57928.0,0.2246800477998217,100,1108,0.62315107274395
ZNF121,-0.008469179168737353,-0.006897952043037127,-0.001571227125700225,54807.0,0.5704951461031996,100,1108,0.9641962234921264
ZNF148,-0.05173331534387378,-0.03267751361905915,-0.01905580172481463,51719.0,0.8647420279672032,100,1108,0.9999988421071658
ZNF222,-0.07302022265169293,-0.0703326165053825,-0.002687606146310431,54082.0,0.653441219900367,100,1108,0.9999988421071658
ZNF226,-0.07539493350559992,-0.07341646458508594,-0.0019784689205139816,55729.0,0.46083900016296997,100,1108,0.8954626081011003
ZNF362,0.05049860122763367,0.044289522326314695,0.006209078901318978,56646.0,0.3546565034824475,100,1108,0.7876443698032807
ZNF385A,-0.11915196984733452,-0.12581588046097594,0.0066639106136414245,56853.0,0.33187771223512963,100,1108,0.7584106874668984
ZNF410,0.034761089116902275,0.03736830998228144,-0.0026072208653791645,55026.0,0.5446232140810106,100,1108,0.9501625428456341
ZNF512,0.0029439601334001163,0.010089722209390726,-0.00714576207599061,54121.0,0.6491234802472475,100,1108,0.9999988421071658
ZNF518B,0.106272122043127,0.1018946790330414,0.004377443010085594,56177.0,0.40811098790388767,100,1108,0.8360091418922874
ZNF573,0.013126653427471551,0.002204482146986938,0.010922171280484613,59023.0,0.13913442297118117,100,1108,0.46786653113107035
ZNF608,-0.042615265570100744,-0.06135730662454565,0.018742041054444908,59806.0,0.09365665364365894,100,1108,0.3798948013420916
ZNF638,-0.2825629514347383,-0.23920800786104435,-0.04335494357369396,46485.0,0.996189491696295,100,1108,0.9999988421071658
ZNF641,0.029754978844055768,0.021813797003605463,0.007941181840450305,58287.0,0.19381284537724724,100,1108,0.568762636024797
ZNF708,0.001594653772445359,0.022959810050956007,-0.02136515627851065,50153.0,0.9418598709945762,100,1108,0.9999988421071658
ZNF71,0.0028768426666089474,0.014484488523871455,-0.011607645857262507,52487.0,0.8083991684493502,100,1108,0.9999988421071658
ZNF776,0.06209215970563162,0.03989613534108605,0.02219602436454557,59960.0,0.08617979545862803,100,1108,0.36084314356548125
ZNF83,-0.08750516431069229,-0.09872793954489169,0.0112227752341994,56621.0,0.3574450877529355,100,1108,0.7876443698032807
ZNF91,-0.16465845656750044,-0.1539018871296077,-0.010756569437892743,53034.0,0.7606189213834322,100,1108,0.9999988421071658
ZSCAN21,-0.059355905439804915,-0.03519101119101595,-0.024164894248788968,49433.0,0.9629565516462631,100,1108,0.9999988421071658
ZSWIM8,-0.19960049633211724,-0.19923431602518132,-0.00036618030693591486,55129.0,0.5323824531971888,100,1108,0.9439861729923811
