gene,mean_diff_low_minus_high,mwu_p,fdr
ABCA1,-0.03433532803679217,0.12449813614092822,0.8261529258227237
ABCG1,-0.014531945941965246,0.11952183383136966,0.8261529258227237
ABHD2,-0.008066089789021444,0.8285930752186466,0.9848398768228644
ABI1,0.07426291971670361,0.1147027303825588,0.8261529258227237
ABLIM1,0.014584023652167509,0.5990263837703016,0.938955096811092
ACOX1,-0.13005830505655727,0.06802529185208155,0.8261529258227237
ACP2,0.013308949743470896,0.7649515205278014,0.9734383074951826
ACTB,0.1581134390163791,0.41537215962865337,0.8724159598673011
ACTR3,0.01251523999759585,0.7807319473938321,0.9744135266511482
ADAM28,-0.027706185207316963,0.2524616383129348,0.8602055584594136
ADD3,-0.0435384486619184,0.12449813614092822,0.8261529258227237
ADNP,-0.010415892967317292,0.9260716380147049,0.990149082490187
AFF1,-0.03895929380009182,0.16397493056101187,0.8376727868833209
AFF4,-0.03559076035852826,0.2790163132113638,0.8724159598673011
AFTPH,0.014421647735091338,0.6725120572471346,0.946768601200413
AGR2,-0.01226552712511169,0.6279871929800329,0.9434344635278735
AHR,-0.007051393626289662,0.5294149186577493,0.9236297908840841
AK3,0.055787222241729065,0.15183902058357476,0.8376727868833209
AKAP10,-0.0017524495715116927,0.8933806381420359,0.9894266794439954
AKAP13,0.024173931331212855,0.4768500218436187,0.899638558652641
ALDH3A2,0.016730875262582753,0.5706867047301827,0.9329361999241526
ANAPC4,-0.06761327933309702,0.718216129533986,0.9512699348317487
ANKH,0.024841659831118412,0.17682769153006928,0.8376727868833209
ANKIB1,0.04489798970252179,0.7807319473938321,0.9744135266511482
ANKRA2,-0.02729342810392219,0.7966032079051237,0.98101609474464
ANTXR2,0.026691302342307904,0.3376525357692982,0.8724159598673011
ANXA6,0.028592293722838877,0.3921551216382412,0.8724159598673011
AP1G2,-0.03574237252186352,0.6575324631990798,0.9462052519206269
AP2A2,0.029884773849663634,0.3921551216382412,0.8724159598673011
APBB2,0.0015450974741010037,0.8285930752186466,0.9848398768228644
APLP2,-0.005539250360619016,0.9424675874144188,0.994571486556029
APP,-0.011007917959157662,0.5567604652232558,0.9329361999241526
APPBP2,-0.00681951472004988,0.7966032079051237,0.98101609474464
APPL1,0.03029084795302144,0.5027693732325637,0.9236297908840841
APPL2,-0.027894778904814743,0.3808478181551693,0.8724159598673011
ARFGAP3,-0.003577754760413443,0.9753257805563759,0.9979246315681862
ARHGAP15,0.02395131743328431,0.5027693732325637,0.9236297908840841
ARHGAP29,0.03802431212862567,0.8933806381420359,0.9894266794439954
ARHGAP5,9.059549403747647e-05,0.9588879528454441,0.9957092502347091
ARHGEF12,0.026233732214989987,0.5294149186577493,0.9236297908840841
ARHGEF3,0.047947841296014954,0.019266678870001917,0.8261529258227237
ARHGEF7,-0.10736570578398458,0.24401479744248233,0.8602055584594136
ARID5B,-0.09408763436031424,0.016297262912258047,0.8261529258227237
ARL15,-0.0340388516260847,0.5430019506067205,0.9298371133080782
ARL4C,-0.01816660902106456,0.9097070273165737,0.990149082490187
ARRDC3,-0.05471060803101299,0.5294149186577493,0.9236297908840841
ASPH,0.02332701254745602,0.7807319473938321,0.9744135266511482
ATAD2B,-0.0040338033352204025,0.9097070273165737,0.990149082490187
ATF2,-0.00736987737035652,0.5294149186577493,0.9236297908840841
ATF3,-0.03669495951481384,0.3273658351959313,0.8724159598673011
ATF7IP,0.014711867083400339,0.7649515205278014,0.9734383074951826
ATF7IP2,0.03362583987905891,0.3172847895523949,0.8724159598673011
ATM,0.04600187331358512,0.2699614194997886,0.8673512933433801
ATP11A,0.02183678432872609,0.19041652022672817,0.8464405590900451
ATP2B1,-0.03179814325016336,0.9917740945477351,0.9979246315681862
ATP6V0E1,0.04976530143414218,0.16397493056101187,0.8376727868833209
ATRX,-0.011388685491683065,0.6279871929800329,0.9434344635278735
ATXN1,-0.010141396451170714,0.9260716380147049,0.990149082490187
AXL,0.009249949300977361,0.8285930752186466,0.9848398768228644
B2M,-0.010162097391029863,0.42727890617197617,0.874776057115497
B4GALT6,-0.03401647884747551,0.09693818842839903,0.8261529258227237
BACH1,-0.03790822625134981,0.8285930752186466,0.9848398768228644
BAMBI,-0.04846131901189814,0.3808478181551693,0.8724159598673011
BAZ1A,0.007445650972885104,0.7966032079051237,0.98101609474464
BAZ2B,-0.004706425198406895,0.42727890617197617,0.874776057115497
BBS1,-0.04562099897654458,0.19041652022672817,0.8464405590900451
BBX,0.019739331379015727,0.5294149186577493,0.9236297908840841
BCAS3,-0.04138155323403278,0.11003784368397301,0.8261529258227237
BCL2L11,0.0366084350845407,0.17031047118644138,0.8376727868833209
BCL6,-0.016788346248283646,0.3808478181551693,0.8724159598673011
BIRC2,0.05323023691791251,0.3273658351959313,0.8724159598673011
BIRC6,0.015691333546675346,0.9424675874144188,0.994571486556029
BMP2K,-0.0008955929343774094,0.7336876455731964,0.9600066168891219
BMPR1A,0.04423046145029125,0.3808478181551693,0.8724159598673011
BPNT1,-0.07804727914325413,0.08892020657765105,0.8261529258227237
BRAF,0.013337030772863898,0.8770993047821505,0.9848398768228644
BRD2,0.23483305504804136,0.012235179952196237,0.8261529258227237
BTAF1,0.0777229670864848,0.3172847895523949,0.8724159598673011
BTBD1,-0.038560851011657515,0.2882755904247021,0.8724159598673011
BTG1,-0.06274727204206067,0.22772123760157525,0.8602055584594136
BTG2,-0.05026957108792881,0.09693818842839903,0.8261529258227237
C2CD3,-0.02326006905464157,0.5294149186577493,0.9236297908840841
CA5B,0.029180263964217832,0.24401479744248233,0.8602055584594136
CABLES1,-0.052990376550368826,0.062030376709892816,0.8261529258227237
CACNA1D,0.015912309705571587,0.5706867047301827,0.9329361999241526
CADM1,0.07059616053006601,0.08511645002715025,0.8261529258227237
CAMK1,-0.02682056629331748,0.30740948674816493,0.8724159598673011
CAMK2D,0.021096323180074955,0.40366370084884173,0.8724159598673011
CAMSAP2,0.04506060810973793,0.6725120572471346,0.946768601200413
CAP2,-0.007897071230142175,0.5430019506067205,0.9298371133080782
CAPN7,-0.035683281861502575,0.2699614194997886,0.8673512933433801
CAT,-0.003428354624228091,0.6575324631990798,0.9462052519206269
CBX6,0.018161705125763324,0.35884165476033514,0.8724159598673011
CCNT1,-0.015101634094477984,0.6725120572471346,0.946768601200413
CCNT2,0.05458195288206259,0.09693818842839903,0.8261529258227237
CCSER2,-0.002886486153924006,0.8933806381420359,0.9894266794439954
CD164,0.03878820905329805,0.2357684427087915,0.8602055584594136
CD44,0.00045965988553790804,0.20475916114536596,0.8602055584594136
CD46,-0.07915386400578954,0.009097029740742018,0.8261529258227237
CDK13,-0.09722378226535373,0.15183902058357476,0.8376727868833209
CDK17,-0.02251654741937762,0.439382151717562,0.8855870076543407
CDON,0.018462962733536595,0.7028592976964558,0.9512699348317487
CELF1,-0.04308156522421083,0.30740948674816493,0.8724159598673011
CELF2,-0.027866836164377032,0.2524616383129348,0.8602055584594136
CEP120,-0.014632801742099012,0.9097070273165737,0.990149082490187
CEP170,0.016712304984061288,0.41537215962865337,0.8724159598673011
CHD2,0.014439060902421405,0.749268076764465,0.9648313131351941
CHD7,0.0025472837108208926,0.9260716380147049,0.990149082490187
CLCN4,0.04168965680145065,0.06497081247311542,0.8261529258227237
CLIC4,-0.004248544778455296,0.5847767220837196,0.9370866484748988
CLK1,0.003992469350967531,0.8285930752186466,0.9848398768228644
CLSTN3,0.005944356771104192,0.9917740945477351,0.9979246315681862
CLTC,-0.01563354755651325,0.9424675874144188,0.994571486556029
CLU,0.012123405429945978,0.9917740945477351,0.9979246315681862
CMIP,-0.1580621299358299,0.2357684427087915,0.8602055584594136
CNOT2,-0.14811388061253888,0.044387166205699886,0.8261529258227237
CNOT6L,0.0018643004999157609,0.3808478181551693,0.8724159598673011
CNOT8,0.011836284724954065,0.6575324631990798,0.9462052519206269
COG5,0.03950724632451072,0.7807319473938321,0.9744135266511482
COG6,0.004201265271463084,0.6575324631990798,0.9462052519206269
COMMD2,-0.06373178980253515,0.17031047118644138,0.8376727868833209
COPB1,0.1391321616398602,0.1460335202810438,0.8376727868833209
CPEB2,-0.058341020603224346,0.3273658351959313,0.8724159598673011
CPEB3,0.0162523652046384,0.6426891712062756,0.9462052519206269
CPEB4,0.059576279378689034,0.10115862908217414,0.8261529258227237
CPQ,0.0070643969615355184,0.8770993047821505,0.9848398768228644
CPT2,-0.006454670082910008,0.6134313729551664,0.938955096811092
CREB1,-0.03972809642185966,0.21987171062870314,0.8602055584594136
CREBRF,-0.012227533168676922,0.5294149186577493,0.9236297908840841
CSDE1,0.07516366445563288,0.3481446249530621,0.8724159598673011
CSNK1A1,0.015716468935308425,0.9424675874144188,0.994571486556029
CSNK2A1,0.0814660630734802,0.17682769153006928,0.8376727868833209
CTNNB1,0.12965051531220664,0.197492567454973,0.8602055584594136
CTSA,-0.022318526065681125,0.21221826045709435,0.8602055584594136
CTSD,-0.0091072418360853,0.18352895180974704,0.8388048572149707
CTTNBP2NL,0.012679629623367092,0.7807319473938321,0.9744135266511482
CUL3,0.002727843153253473,0.6134313729551664,0.938955096811092
CUL4A,0.017179645952884706,0.5430019506067205,0.9298371133080782
CUL4B,0.06315703896747166,0.22772123760157525,0.8602055584594136
CUL5,0.040972934554310614,0.3808478181551693,0.8724159598673011
CUX1,-0.053274045122985995,0.17682769153006928,0.8376727868833209
CWC27,-0.015840350453242436,0.7028592976964558,0.9512699348317487
CYBB,-0.02285693305974959,0.2357684427087915,0.8602055584594136
CYP3A5,-0.0024918730099108906,0.3808478181551693,0.8724159598673011
DAB2,0.016825229256395874,0.8608698044170195,0.9848398768228644
DCLRE1C,-0.034020336378310236,0.21987171062870314,0.8602055584594136
DCTN4,0.027680875287507845,0.718216129533986,0.9512699348317487
DDHD1,-0.0014363237356264588,0.8446988486564181,0.9848398768228644
DDX17,-0.03948462201259817,0.6426891712062756,0.9462052519206269
DDX3X,0.1973817277665152,0.17682769153006928,0.8376727868833209
DDX3Y,0.024704397579190684,0.9733808674985146,0.9979246315681862
DENND4A,0.023472528547099247,0.4641699943597949,0.893906012876875
DENND5A,-0.03915993288623554,0.2882755904247021,0.8724159598673011
DHX40,-0.005731782964670806,0.9753257805563759,0.9979246315681862
DIAPH2,0.020166286165121727,0.4641699943597949,0.893906012876875
DLST,0.16861586198203896,0.020356521632181025,0.8261529258227237
DMTF1,0.03155854877474654,0.3273658351959313,0.8724159598673011
DMXL1,-0.012649503977981279,0.5160029354435863,0.9236297908840841
DNM1L,0.24040530460570908,0.1460335202810438,0.8376727868833209
DOCK11,0.010264499243597291,0.48971740875937286,0.9132948226575661
DOCK2,-0.018960593133280385,0.5430019506067205,0.9298371133080782
DOCK4,-0.005624507580665773,0.718216129533986,0.9512699348317487
DOCK9,0.016512052151855514,0.5706867047301827,0.9329361999241526
DPYSL2,0.01634878227504604,0.3921551216382412,0.8724159598673011
DST,0.017890997809803008,0.5706867047301827,0.9329361999241526
DUSP16,-0.04670606663209578,0.5294149186577493,0.9236297908840841
DUSP6,-0.006591791015537238,0.5990263837703016,0.938955096811092
DYNC1LI2,-0.04496955897750385,0.5706867047301827,0.9329361999241526
EEF1A1,0.2875102531592333,0.2973449666948119,0.8724159598673011
EFCAB14,0.00561934804742472,0.9588879528454441,0.9957092502347091
EFEMP2,0.04650606893993997,0.35884165476033514,0.8724159598673011
EGLN1,-0.08581022427048782,0.3921551216382412,0.8724159598673011
EGR2,-0.05458038497520965,0.13493406800802574,0.8261529258227237
EHF,0.0027443530770618306,0.8125590397647926,0.9848398768228644
EIF2AK2,-0.02786010831245961,0.2611101618127958,0.8602055584594136
EIF4A2,-0.01815046765220399,0.3808478181551693,0.8724159598673011
EIF5A,0.12762681083898686,0.20475916114536596,0.8602055584594136
ELF1,-0.05024087152364352,0.11003784368397301,0.8261529258227237
EML4,-0.024110613258391936,0.8285930752186466,0.9848398768228644
EPC1,-0.137304908547695,0.07448869557973883,0.8261529258227237
ERBB3,0.049610148972689005,0.8125590397647926,0.9848398768228644
ERC1,-0.04114173937682604,0.10115862908217414,0.8261529258227237
ERCC3,0.032473557525452224,0.439382151717562,0.8855870076543407
ERGIC2,0.07549010133584416,0.07790381462085116,0.8261529258227237
ETNK1,0.09838235131813639,0.5251712168120837,0.9236297908840841
ETS2,0.013262371525871092,0.6426891712062756,0.9462052519206269
EXOC4,0.09567770911354301,0.17031047118644138,0.8376727868833209
EXOC6B,0.02252431513365169,0.4516799095559624,0.8910038337441324
EXOC7,-0.057418129272447826,0.1460335202810438,0.8376727868833209
EYA4,-0.011154323717599474,0.9260716380147049,0.990149082490187
EZH1,0.01154762811883156,0.30740948674816493,0.8724159598673011
F5,-0.048454681618817406,0.11003784368397301,0.8261529258227237
FAM13B,0.016433479002266764,0.4516799095559624,0.8910038337441324
FAM193B,-0.011800337359152563,1.0,1.0
FAM53C,-0.006729802603006832,0.7336876455731964,0.9600066168891219
FAM76B,0.004599577892148918,0.8770993047821505,0.9848398768228644
FAM91A1,-0.03292978195352944,0.8933806381420359,0.9894266794439954
FAR1,0.05484868338852317,0.21221826045709435,0.8602055584594136
FBXL20,0.011041133773939591,0.5567604652232558,0.9329361999241526
FBXO32,-0.028107419431552302,0.35884165476033514,0.8724159598673011
FCHO2,0.09670262558567896,0.5567604652232558,0.9329361999241526
FGFR1,0.056038818761240894,0.5706867047301827,0.9329361999241526
FKBP10,-0.017684221410600387,0.6134313729551664,0.938955096811092
FMOD,0.018396372115364712,0.718216129533986,0.9512699348317487
FMR1,-0.05352112540126078,0.056479439633832985,0.8261529258227237
FNBP1L,-0.02747804974670287,0.3921551216382412,0.8724159598673011
FOS,-0.01653033156448694,0.5847767220837196,0.9370866484748988
FOSB,0.03308890922548273,0.18352895180974704,0.8388048572149707
FOXO3,0.0679898265858504,0.18348917031903877,0.8388048572149707
FRY,0.008393250136770515,0.9753257805563759,0.9979246315681862
FTH1,-0.08332574125541303,0.09067031404930485,0.8261529258227237
FTO,0.011753312559366205,0.6426891712062756,0.9462052519206269
FXR1,-0.01631660634381964,0.35884165476033514,0.8724159598673011
FXYD5,0.022312569827978267,0.41537215962865337,0.8724159598673011
FYN,0.06639480797225018,0.010253921182571683,0.8261529258227237
GAA,0.014040791675477192,0.718216129533986,0.9512699348317487
GABARAP,0.028812874007645747,0.2524616383129348,0.8602055584594136
GALNT10,0.03380362238058889,0.1460335202810438,0.8376727868833209
GATM,-0.0285234386593243,0.6876227792115092,0.9512699348317487
GDPD5,-0.061983136988209966,0.13493406800802574,0.8261529258227237
GIT2,0.07231692899148354,0.02809244526539436,0.8261529258227237
GLS,0.021519881417209313,0.7966032079051237,0.98101609474464
GLT8D1,0.040295723283019155,0.29773983977541063,0.8724159598673011
GLUL,0.05706111662548602,0.10552415804955881,0.8261529258227237
GNAI2,-0.032964184529919976,0.08511645002715025,0.8261529258227237
GNS,-0.012021735920731424,0.8608698044170195,0.9848398768228644
GOLGB1,0.032754194943918555,0.35884165476033514,0.8724159598673011
GORASP2,0.04892039166806862,0.8446988486564181,0.9848398768228644
GPATCH2,-0.05348434570916709,0.09285974841735234,0.8261529258227237
GPBP1,-0.02968058617814509,0.8770993047821505,0.9848398768228644
GPHN,0.054780966314838704,0.35884165476033514,0.8724159598673011
GPR137B,0.031720362247227796,0.4768500218436187,0.899638558652641
GRINA,0.01961114569244278,0.9753257805563759,0.9979246315681862
GRN,0.01869175561796199,0.6279871929800329,0.9434344635278735
GSN,0.06929613450808081,0.04893279078789391,0.8261529258227237
GTF2I,-0.017571902967575284,0.4516799095559624,0.8910038337441324
HAL,-0.01469776915421514,0.8770993047821505,0.9848398768228644
HDAC3,-0.062204577336405276,0.5567604652232558,0.9329361999241526
HIF1A,-0.02499919680448967,0.5847767220837196,0.9370866484748988
HIPK3,-0.018571113334413542,1.0,1.0
HLA-F,0.015165343405599205,0.41537215962865337,0.8724159598673011
HMG20A,0.021287445121301235,0.749268076764465,0.9648313131351941
HNRNPLL,-0.024066095206798744,0.5847767220837196,0.9370866484748988
HS2ST1,0.02575392627848827,0.41537215962865337,0.8724159598673011
HUWE1,-0.008588838997058645,0.9588879528454441,0.9957092502347091
IFRD1,0.043025358300423734,0.3808478181551693,0.8724159598673011
IGF1,0.02639728759251322,0.30740948674816493,0.8724159598673011
IGF2BP2,-0.016505215171815912,0.8446988486564181,0.9848398768228644
ILK,0.11453951819459268,0.42727890617197617,0.874776057115497
ING4,0.00496743870233754,0.5990263837703016,0.938955096811092
INO80D,0.007438225306068164,0.6876227792115092,0.9512699348317487
INPP4A,0.005299457820754111,0.9097070273165737,0.990149082490187
INTS11,-0.0329381930331718,0.41537215962865337,0.8724159598673011
IQGAP1,-0.12547984595353884,0.1147027303825588,0.8261529258227237
IRF2BP2,-0.030714402880534786,0.8285930752186466,0.9848398768228644
IVNS1ABP,-0.005203249185896113,0.6134313729551664,0.938955096811092
JAK1,-0.11450032633263174,0.038239795661695386,0.8261529258227237
JARID2,0.054485936829861525,0.15781862293298154,0.8376727868833209
JMJD1C,-0.034751921763454624,0.2524616383129348,0.8602055584594136
KANSL1,0.0530879353122784,0.6725120572471346,0.946768601200413
KAT6A,-0.05852404416746944,0.5706867047301827,0.9329361999241526
KBTBD4,-0.027129088901269926,0.22772123760157525,0.8602055584594136
KCNJ2,0.01077358112521861,0.749268076764465,0.9648313131351941
KDM5D,0.016692336631171367,0.40202020202020206,0.8724159598673011
KDM6A,-0.013454478894981109,0.8770993047821505,0.9848398768228644
KDM7A,-0.017412528273353094,0.42727890617197617,0.874776057115497
KIAA0319L,0.0252066424965633,0.36974299252616816,0.8724159598673011
KIAA1191,-0.0063236435490592255,0.8125590397647926,0.9848398768228644
KIAA1586,0.01566838675660559,0.439382151717562,0.8855870076543407
KIF2A,0.030202965067126105,0.6279871929800329,0.9434344635278735
KLF10,-0.07596852631105828,0.12449813614092822,0.8261529258227237
KLF12,0.04915686106427111,0.24401479744248233,0.8602055584594136
KLHL24,-0.01004673842669012,0.3376525357692982,0.8724159598673011
KMT2A,0.07881063751617481,0.2882755904247021,0.8724159598673011
LAMA3,-0.0068951334901750025,0.7649515205278014,0.9734383074951826
LAMB2,0.02428553024845867,0.3376525357692982,0.8724159598673011
LAMP2,0.0313184960504429,0.2357684427087915,0.8602055584594136
LAPTM5,0.037274448587841694,0.18352895180974704,0.8388048572149707
LDLRAD4,0.02143845297692233,0.3808478181551693,0.8724159598673011
LGALS8,-0.008131580321944762,0.7028592976964558,0.9512699348317487
LITAF,-0.025090741974705212,0.7966032079051237,0.98101609474464
LMCD1,-0.010297424003873373,0.718216129533986,0.9512699348317487
LMO7,0.036990461664847485,0.35884165476033514,0.8724159598673011
LOXL1,-0.009853798656064044,0.8446988486564181,0.9848398768228644
LPP,-0.012691451450308894,0.9097070273165737,0.990149082490187
LRCH3,-0.0736140288587107,0.1296345808790129,0.8261529258227237
LRP12,-0.016263059642613306,1.0,1.0
LRRC37A3,-0.031545881544911336,0.6320582930091349,0.9462052519206269
LSM3,-0.09853192663335686,0.1460335202810438,0.8376727868833209
M6PR,-0.026678204097451495,0.2524616383129348,0.8602055584594136
MAB21L3,0.05803793148712912,0.07448869557973883,0.8261529258227237
MACF1,0.004104743334859176,0.9260716380147049,0.990149082490187
MADD,-0.012640355472133748,0.8285930752186466,0.9848398768228644
MAFB,0.026187470960713097,0.3376525357692982,0.8724159598673011
MAGED2,0.013097300122918876,0.7649515205278014,0.9734383074951826
MANSC1,0.0007890154254806651,0.8933806381420359,0.9894266794439954
MAP1LC3A,0.026401523217345957,0.8446988486564181,0.9848398768228644
MAP2K4,-0.03417613832885631,0.4641699943597949,0.893906012876875
MAP2K6,0.05872052180062357,0.10115862908217414,0.8261529258227237
MAP3K7,0.08997154159395475,0.5027693732325637,0.9236297908840841
MAP4K3,0.020044732793003145,0.30740948674816493,0.8724159598673011
MAPK14,0.15268910541221709,0.04893279078789391,0.8261529258227237
MBNL1,-0.01101793548876459,0.8933806381420359,0.9894266794439954
MBNL2,0.08510346936753936,0.02527116177687061,0.8261529258227237
MDM4,-0.09388119010364301,0.7807319473938321,0.9744135266511482
MED12,-0.1732549369057078,0.1296345808790129,0.8261529258227237
MED13,0.03123644944766549,0.5706867047301827,0.9329361999241526
MED13L,0.05616570419098885,0.24401479744248233,0.8602055584594136
MEF2A,-0.06206115412932056,0.1147027303825588,0.8261529258227237
MERTK,0.0578275092633296,0.062030376709892816,0.8261529258227237
METTL15,-0.07110261491773856,0.13493406800802574,0.8261529258227237
MFSD6,0.040694126165151764,0.1296345808790129,0.8261529258227237
MGA,-0.02909188953042205,0.5567604652232558,0.9329361999241526
MID1,-0.02634865919083265,0.749268076764465,0.9648313131351941
MITF,0.010794401977443899,0.7028592976964558,0.9512699348317487
MKLN1,-0.038978720945851614,0.5706867047301827,0.9329361999241526
MLX,-0.11361052808954919,0.044387166205699886,0.8261529258227237
MON2,0.050796045950598945,0.48971740875937286,0.9132948226575661
MOSPD2,-0.005340266088516399,0.4641699943597949,0.893906012876875
MPP1,-0.005183455833308717,0.8125590397647926,0.9848398768228644
MR1,0.01726565937799727,0.4641699943597949,0.893906012876875
MRPL42,0.05942754696724907,0.038239795661695386,0.8261529258227237
MSH2,0.03394001643930866,0.718216129533986,0.9512699348317487
MTHFD1,0.0961677388750567,0.2790163132113638,0.8724159598673011
MTMR10,0.010403049534089666,0.9588879528454441,0.9957092502347091
MTMR9,-0.007325096588589521,0.7966032079051237,0.98101609474464
MYADM,-0.039256441725612407,0.41537215962865337,0.8724159598673011
MYL9,0.06040772301751118,0.3273658351959313,0.8724159598673011
MYO10,0.06148528040053429,0.41537215962865337,0.8724159598673011
MYO1F,-0.00904909607596463,0.6279871929800329,0.9434344635278735
MYO5A,0.013145411951309449,0.9097070273165737,0.990149082490187
MYO9A,0.028090159939715025,0.5294149186577493,0.9236297908840841
MYSM1,-0.038816475310948284,0.21221826045709435,0.8602055584594136
N4BP2L2,-0.0015313234831336037,0.5160029354435863,0.9236297908840841
NAB1,-0.006413207425980838,0.9424675874144188,0.994571486556029
NCKAP1L,-0.04603140335912226,0.1147027303825588,0.8261529258227237
NCOA1,-0.017820947662743183,0.6426891712062756,0.9462052519206269
NCOA3,0.06205684626367386,0.044387166205699886,0.8261529258227237
NDUFA3,0.07691558935700776,0.24401479744248233,0.8602055584594136
NEK6,-0.032111985012762634,0.1296345808790129,0.8261529258227237
NEK7,0.028994602698007944,0.41537215962865337,0.8724159598673011
NF1,0.05346715912533498,0.42727890617197617,0.874776057115497
NFAT5,-0.011223532767894666,0.5990263837703016,0.938955096811092
NFYA,-0.09261000066115349,0.0592009297805028,0.8261529258227237
NKTR,0.02012094925757133,0.8285930752186466,0.9848398768228644
NLK,0.021762489206627877,0.3376525357692982,0.8724159598673011
NMD3,0.05712135743064772,0.7336876455731964,0.9600066168891219
NOL4L,-0.03592641453875978,0.3172847895523949,0.8724159598673011
NPTN,0.04331345196187025,0.017239020558590966,0.8261529258227237
NR2F1,0.02901701857573462,0.36974299252616816,0.8724159598673011
NRBP1,0.13448934406121715,0.41537215962865337,0.8724159598673011
NRIP1,0.01487164252836648,0.9260716380147049,0.990149082490187
NRP1,0.017965050375333545,0.17031047118644138,0.8376727868833209
NSF,-0.23074542392634223,0.21221826045709435,0.8602055584594136
NT5DC2,0.009235711099498167,0.9588879528454441,0.9957092502347091
NT5E,0.008485188256860551,0.8608698044170195,0.9848398768228644
NTN4,-0.008141941675855512,0.5847767220837196,0.9370866484748988
NUAK1,0.08110328438051692,0.017239020558590966,0.8261529258227237
NUP43,-0.1112913028761715,0.197492567454973,0.8602055584594136
OFD1,0.00556989808543687,0.5847767220837196,0.9370866484748988
OGT,-0.07391715789503706,0.3921551216382412,0.8724159598673011
OLFML3,-0.03799573595127659,0.21987171062870314,0.8602055584594136
OSBPL9,0.05048138778282921,0.07790381462085116,0.8261529258227237
OTUB1,-0.051949269472264914,0.18352895180974704,0.8388048572149707
P4HA1,-0.03719507913894282,0.17682769153006928,0.8376727868833209
PABPC1,0.20628537507494682,0.06802529185208155,0.8261529258227237
PAM,-0.018958077799698082,0.6279871929800329,0.9434344635278735
PAN3,0.05531765392562954,0.3172847895523949,0.8724159598673011
PAQR5,-0.026744460703342646,0.2882755904247021,0.8724159598673011
PARP6,0.026355805794036742,0.17682769153006928,0.8376727868833209
PCDHGB2,0.0027982845574080857,0.40366370084884173,0.8724159598673011
PCMTD1,0.04496158629142344,0.17682769153006928,0.8376727868833209
PCMTD2,-0.05038206106056968,0.6575324631990798,0.9462052519206269
PDE4A,-0.011536619899890688,0.8608698044170195,0.9848398768228644
PDE7B,0.05095578712749378,0.04225136632956885,0.8261529258227237
PGAP1,-0.025120266246652354,0.2882755904247021,0.8724159598673011
PHC1,0.04683824504875139,0.2790163132113638,0.8724159598673011
PHF20L1,-0.028749684368776604,0.41537215962865337,0.8724159598673011
PHF21A,-0.0044785783647185995,0.6876227792115092,0.9512699348317487
PHF8,-0.09816095425024529,0.03635855317279069,0.8261529258227237
PHLDA1,-0.003959285434460023,0.8285930752186466,0.9848398768228644
PIAS1,-0.010342923142483751,0.9917740945477351,0.9979246315681862
PICALM,0.008080520549708148,0.41537215962865337,0.8724159598673011
PIGA,0.0493226777807845,0.2699614194997886,0.8673512933433801
PIK3C3,-0.10168901013291753,0.40366370084884173,0.8724159598673011
PIK3IP1,-0.025465156793403075,0.4641699943597949,0.893906012876875
PIKFYVE,-0.027494896599144152,0.41537215962865337,0.8724159598673011
PKP4,0.08340502255824199,0.004021867123993527,0.8261529258227237
PLCB1,0.002405210566079355,0.8446988486564181,0.9848398768228644
PLCG2,0.03814938090985394,0.8446988486564181,0.9848398768228644
PLD3,-0.05050892777681794,0.06802529185208155,0.8261529258227237
PLEK,-0.06514944396587785,0.03455676567958415,0.8261529258227237
PLEKHM2,0.0682660297068313,0.011539988490258972,0.8261529258227237
PLXNC1,-0.003435090314540458,0.9424675874144188,0.994571486556029
PMEPA1,0.020497055210859545,0.5990263837703016,0.938955096811092
PMP22,0.0022963822140421152,0.8770993047821505,0.9848398768228644
PNISR,0.020033838471458065,0.6134313729551664,0.938955096811092
POC1B,-0.025209379357680292,0.6575324631990798,0.9462052519206269
POLH,0.04368336415504212,0.3273658351959313,0.8724159598673011
PON2,-0.014328923839923444,0.6134313729551664,0.938955096811092
POU2F1,-0.03868012905889548,0.6279871929800329,0.9434344635278735
PPME1,-0.09240043741811166,0.22772123760157525,0.8602055584594136
PPP1R9A,-0.038291383624265575,0.1460335202810438,0.8376727868833209
PPP2R5C,-0.11016038526071469,0.013737753233950132,0.8261529258227237
PPP3CB,-0.044846517806900583,0.30740948674816493,0.8724159598673011
PPP3R1,-0.11806536702052386,0.006698271306476066,0.8261529258227237
PPT1,0.001959868607817432,0.8285930752186466,0.9848398768228644
PRKAA1,-0.0058503386640044175,0.9588879528454441,0.9957092502347091
PRKCH,0.05673339379829497,0.24401479744248233,0.8602055584594136
PRNP,-0.0025662703766923464,0.8608698044170195,0.9848398768228644
PRPF19,0.09662255961373445,0.5294149186577493,0.9236297908840841
PRPF39,0.012324088518615328,0.8770993047821505,0.9848398768228644
PRUNE2,-0.030630602776554466,0.3921551216382412,0.8724159598673011
PSMC3IP,-0.02588150612428297,0.3481446249530621,0.8724159598673011
PSMD10,-0.11834785038684323,0.2611101618127958,0.8602055584594136
PSMG2,-0.11074474744735474,0.42727890617197617,0.874776057115497
PTCH1,0.004482886843172981,0.5294149186577493,0.9236297908840841
PTEN,-0.013038427624571025,0.9097070273165737,0.990149082490187
PTK2,0.009091188715349086,0.718216129533986,0.9512699348317487
PTPN4,-0.024106023707244205,0.30740948674816493,0.8724159598673011
PTPN6,0.027048343269932346,0.4516799095559624,0.8910038337441324
PTPRA,-0.014083475915576144,0.6134313729551664,0.938955096811092
PTPRJ,0.033037892471771704,0.1296345808790129,0.8261529258227237
PTPRO,-0.013345581760942582,0.6134313729551664,0.938955096811092
PTPRS,-0.002960826095248323,0.6575324631990798,0.9462052519206269
QKI,-0.0392709946692245,0.3172847895523949,0.8724159598673011
QRICH1,-0.035133514382580944,0.4641699943597949,0.893906012876875
QSER1,-0.017785048540663873,0.718216129533986,0.9512699348317487
RAB10,-0.012488551483728072,0.7807319473938321,0.9744135266511482
RAB11A,-0.050224243832913185,0.3921551216382412,0.8724159598673011
RAB11FIP2,0.04184643465418051,0.1296345808790129,0.8261529258227237
RAB1A,0.042171973672205,0.4768500218436187,0.899638558652641
RAB2B,-0.043180387325923275,0.1460335202810438,0.8376727868833209
RAB30,-0.03143736352398839,0.3376525357692982,0.8724159598673011
RAB8B,0.03312656313943219,0.749268076764465,0.9648313131351941
RABGAP1L,0.04088809833993399,0.19041652022672817,0.8464405590900451
RAC2,-0.01788668233548621,0.41537215962865337,0.8724159598673011
RAD50,0.06464202416697559,0.2357684427087915,0.8602055584594136
RAF1,0.06660123081532068,0.17682769153006928,0.8376727868833209
RALGAPA1,-0.06366195038728889,0.2790163132113638,0.8724159598673011
RALGAPA2,-0.04388126558853833,0.17682769153006928,0.8376727868833209
RALGDS,-0.01706445525569739,0.6725120572471346,0.946768601200413
RAP1B,-0.03440952683290738,0.4516799095559624,0.8910038337441324
RAP1GAP2,0.04264820748669251,0.17031047118644138,0.8376727868833209
RASA1,0.005318316388088648,0.6134313729551664,0.938955096811092
RBM6,0.07084343488487883,0.1147027303825588,0.8261529258227237
RBMS2,-0.019310430868920286,0.7807319473938321,0.9744135266511482
RBX1,-0.04743765544272982,0.8125590397647926,0.9848398768228644
RC3H1,-0.09310008248282103,0.051348332563260615,0.8261529258227237
RC3H2,0.0031824741452148586,0.9917740945477351,0.9979246315681862
RDH10,-0.05631408016227604,0.3481446249530621,0.8724159598673011
RGL1,-0.03888755919040006,0.12449813614092822,0.8261529258227237
RICTOR,0.09127351222900137,0.35884165476033514,0.8724159598673011
RIMKLA,0.01855853888504367,0.6575324631990798,0.9462052519206269
RIN2,0.01068199456983224,0.5430019506067205,0.9298371133080782
RNF130,0.013797450069212843,0.40366370084884173,0.8724159598673011
RNF19A,0.0013720656840182782,0.6725120572471346,0.946768601200413
RNF217,-0.027057287383363857,0.21987171062870314,0.8602055584594136
RNF38,0.036660281540994794,0.11952183383136966,0.8261529258227237
RNH1,-0.004804203534824067,0.9260716380147049,0.990149082490187
ROCK1,0.00031766170347066747,0.6876227792115092,0.9512699348317487
ROCK2,0.05365449869930775,0.20475916114536596,0.8602055584594136
RPL21,-0.3573892356267634,0.23823998498921103,0.8602055584594136
RPL31,-0.024952657123717525,0.6426891712062756,0.9462052519206269
RPRD2,0.0148654458631432,0.8770993047821505,0.9848398768228644
RPS2,0.1899766359522015,0.40202020202020206,0.8724159598673011
RPS6KB1,0.01475659842442531,0.8933806381420359,0.9894266794439954
RPS6KC1,-0.003663424482494175,0.6725120572471346,0.946768601200413
RPSA,-0.1054589939842776,0.5845717234262127,0.9370866484748988
RRAGA,-0.026457464265161823,0.9753257805563759,0.9979246315681862
RSBN1,-0.02695249742017287,0.749268076764465,0.9648313131351941
RSPRY1,-0.008466390132346499,0.7336876455731964,0.9600066168891219
RUNX1,-0.0029931451077717802,0.5990263837703016,0.938955096811092
RUNX3,0.06121872765010881,0.3376525357692982,0.8724159598673011
SBF2,0.0048554334034723035,0.9260716380147049,0.990149082490187
SEC24C,-0.0050686171587884035,0.9588879528454441,0.9957092502347091
SECISBP2L,-0.0037997386128124644,0.5706867047301827,0.9329361999241526
SEMA3A,0.023005386681276045,0.7028592976964558,0.9512699348317487
SESN3,-0.045174672844525296,0.4768500218436187,0.899638558652641
SETD5,-0.018253583359523873,0.6134313729551664,0.938955096811092
SETD7,-0.015478082177773335,0.2611101618127958,0.8602055584594136
SGCB,0.02430143527770067,0.5294149186577493,0.9236297908840841
SH3D19,0.016910722165922668,0.5430019506067205,0.9298371133080782
SH3GLB1,0.005446902980550408,0.9917740945477351,0.9979246315681862
SH3KBP1,0.04367544137656139,0.0592009297805028,0.8261529258227237
SIRPA,0.07559760739909618,0.4411358163680145,0.8863688694205617
SIRT5,-0.048874633302366736,0.3376525357692982,0.8724159598673011
SKIL,0.017322228864693166,0.9753257805563759,0.9979246315681862
SLC12A6,0.04231993122597591,0.07448869557973883,0.8261529258227237
SLC23A2,0.014454707295130535,0.04225136632956885,0.8261529258227237
SLC38A9,-0.0408509169481129,0.35884165476033514,0.8724159598673011
SLC4A7,0.09068628386596117,0.21221826045709435,0.8602055584594136
SLC52A3,0.06371696638519671,0.4768500218436187,0.899638558652641
SLC9A3,-0.019925333962093728,0.7028592976964558,0.9512699348317487
SLC9A7,0.04418051582028779,0.10552415804955881,0.8261529258227237
SLU7,-0.12936588728329568,0.21987171062870314,0.8602055584594136
SMAD3,-0.008044953392566155,0.7966032079051237,0.98101609474464
SMAD4,-0.0028436042072501333,0.6426891712062756,0.9462052519206269
SMARCA2,-0.17419851463992445,0.4516799095559624,0.8910038337441324
SMG1,-0.0821294543972968,0.7135441098289396,0.9512699348317487
SMOC1,0.04538581431588426,0.2611101618127958,0.8602055584594136
SNRPF,-0.15054697812712536,0.3808478181551693,0.8724159598673011
SNX18,-0.011887751262337612,0.9753257805563759,0.9979246315681862
SOS2,0.06266239966765924,0.1147027303825588,0.8261529258227237
SP3,-0.020937201310573778,0.718216129533986,0.9512699348317487
SP4,0.010833588689110447,0.9588879528454441,0.9957092502347091
SPG11,0.055589423393135405,0.06497081247311542,0.8261529258227237
SPI1,0.035335372494425914,0.4768500218436187,0.899638558652641
SPIN1,0.10474030275833049,0.021499758239571096,0.8261529258227237
SPINK5,-0.0017294773389339296,0.6876227792115092,0.9512699348317487
SRPK2,-0.0022862802317452358,0.48971740875937286,0.9132948226575661
SRSF11,-0.008809141902969442,0.749268076764465,0.9648313131351941
SS18,-0.011600622949958839,0.9260716380147049,0.990149082490187
SSBP2,-0.010922271003302508,0.5847767220837196,0.9370866484748988
STARD9,0.02657754262516074,0.17682769153006928,0.8376727868833209
STAT2,-0.004522559723764474,0.6279871929800329,0.9434344635278735
STAT3,-0.14106304312803852,0.08511645002715025,0.8261529258227237
STAU1,0.0037540076090241507,0.9917740945477351,0.9979246315681862
STAU2,-0.05809416411399621,0.02809244526539436,0.8261529258227237
STK38L,-0.010311161187136441,0.7336876455731964,0.9600066168891219
STK4,-0.015898667260201393,0.5294149186577493,0.9236297908840841
STRN3,-0.07226038856931145,0.04661336118033611,0.8261529258227237
STX16,0.0308790367638166,0.439382151717562,0.8855870076543407
STXBP3,-0.1239307144766002,0.2699614194997886,0.8673512933433801
SUMF2,0.03198875264989755,0.5567604652232558,0.9329361999241526
SUPT6H,-0.043784139695222546,0.5990263837703016,0.938955096811092
SYK,0.021849613981114322,0.11003784368397301,0.8261529258227237
SYNE2,0.048689889301564156,0.439382151717562,0.8855870076543407
TAB2,0.010789741497798107,0.8770993047821505,0.9848398768228644
TAF15,0.07814441348791386,0.10552415804955881,0.8261529258227237
TANC2,-0.036290042121501886,0.16397493056101187,0.8376727868833209
TAOK1,-0.07425239757486421,0.7028592976964558,0.9512699348317487
TAOK3,0.033443721461443685,0.36974299252616816,0.8724159598673011
TBC1D15,0.016307814070242288,0.41537215962865337,0.8724159598673011
TBCEL,0.015096064209222729,0.7028592976964558,0.9512699348317487
TBCK,0.019360037461941038,0.5160029354435863,0.9236297908840841
TCF12,0.00404323550437425,0.7028592976964558,0.9512699348317487
TCF4,0.0004750912216477249,0.7028592976964558,0.9512699348317487
TCF7L2,0.030111963453120432,0.5294149186577493,0.9236297908840841
TCN2,-0.05337390978731567,0.10115862908217414,0.8261529258227237
TEC,0.01087965958562128,0.8770993047821505,0.9848398768228644
TGOLN2,-0.05102146369559109,0.02809244526539436,0.8261529258227237
TIAL1,-0.07670037930439211,0.22772123760157525,0.8602055584594136
TIMP1,-0.02972179927141864,0.13493406800802574,0.8261529258227237
TIMP2,-0.040538773603863355,0.10115862908217414,0.8261529258227237
TLK1,0.02134089556223351,0.6134313729551664,0.938955096811092
TMCC1,-0.006625983613914302,0.9424675874144188,0.994571486556029
TMEM106B,-0.07793666931056231,0.017239020558590966,0.8261529258227237
TMEM127,0.011112612377042419,0.6575324631990798,0.9462052519206269
TMEM259,0.04223366478111605,0.12449813614092822,0.8261529258227237
TMPO,0.0019471689241928047,0.9917740945477351,0.9979246315681862
TMX3,0.0621448714528962,0.09285974841735234,0.8261529258227237
TMX4,-0.041747132786579405,0.3376525357692982,0.8724159598673011
TNFAIP3,-0.05084733223874343,0.3273658351959313,0.8724159598673011
TNFSF12,-0.027851735177661097,0.22772123760157525,0.8602055584594136
TNKS,-0.06453205114715906,0.11003784368397301,0.8261529258227237
TNRC6A,-0.0024881499301623797,0.8770993047821505,0.9848398768228644
TNRC6C,-0.02883036269470802,0.5160029354435863,0.9236297908840841
TNS1,-0.013673215338245457,0.9753257805563759,0.9979246315681862
TNS3,0.006699871473160979,0.9260716380147049,0.990149082490187
TNXB,0.011267248646984529,1.0,1.0
TOM1,-0.0055736696331560795,0.9917740945477351,0.9979246315681862
TOP2B,0.004295952433015216,0.8125590397647926,0.9848398768228644
TPD52L1,-0.03294375244289397,0.3172847895523949,0.8724159598673011
TRAF3IP2,0.013426656237730539,0.5430019506067205,0.9298371133080782
TRAF5,-0.0013021678099838438,0.8125590397647926,0.9848398768228644
TRIB1,0.04272936405955893,0.8446988486564181,0.9848398768228644
TRIM24,0.0005296956887277937,0.8770993047821505,0.9848398768228644
TRIM44,0.08145237283992934,0.11952183383136966,0.8261529258227237
TRIO,0.0034848638668312504,0.9917740945477351,0.9979246315681862
TRIP11,-0.03656619697892721,0.6134313729551664,0.938955096811092
TRIP12,-0.01107174610541789,0.8770993047821505,0.9848398768228644
TRMT6,0.03225116123447269,0.8608698044170195,0.9848398768228644
TRPM7,-0.026399191294747992,0.9097070273165737,0.990149082490187
TSPAN5,-0.023071567250145898,0.3808478181551693,0.8724159598673011
TUBB3,-0.016188325723088225,0.8933806381420359,0.9894266794439954
TXNIP,-0.07291443306558797,0.13493406800802574,0.8261529258227237
UBAP2L,0.10061457094934118,0.11003784368397301,0.8261529258227237
UBASH3B,-0.0017112161060498787,0.7807319473938321,0.9744135266511482
UBE2B,-0.06064094514016885,0.08511645002715025,0.8261529258227237
UBE2C,0.008333463668945496,0.8608698044170195,0.9848398768228644
UBE2D4,-0.008192205759159382,0.24401479744248233,0.8602055584594136
UBE2L3,0.06291608710961372,0.35884165476033514,0.8724159598673011
UBE2Q2,0.019337901198343374,0.3172847895523949,0.8724159598673011
UBN2,-0.006923218383106763,0.8608698044170195,0.9848398768228644
UBR1,0.018679886760816396,0.40366370084884173,0.8724159598673011
UBR5,0.05208852889361415,0.35884165476033514,0.8724159598673011
UBXN2B,0.011662050703253796,0.42727890617197617,0.874776057115497
UCP2,-0.00548864252722093,0.42727890617197617,0.874776057115497
UGDH,0.03614690084388608,0.2611101618127958,0.8602055584594136
UGGT1,-0.02107151338560941,0.6725120572471346,0.946768601200413
USP24,-0.04753685149223555,0.40366370084884173,0.8724159598673011
USP34,-0.012055303467221778,0.8446988486564181,0.9848398768228644
USP9Y,-0.05844611356616891,0.7639490884072928,0.9734383074951826
VEZF1,-0.01738396001667114,0.6876227792115092,0.9512699348317487
VKORC1,0.0008962745089538815,0.6725120572471346,0.946768601200413
VPS13B,-0.06230839850958257,0.19041652022672817,0.8464405590900451
VPS25,-0.0759477808193525,0.48971740875937286,0.9132948226575661
VPS29,-0.05673057747876875,0.4641699943597949,0.893906012876875
VPS39,0.0436629149420974,0.36974299252616816,0.8724159598673011
VPS54,0.07746367417453254,0.11003784368397301,0.8261529258227237
WAC,-0.08216030435014271,0.3481446249530621,0.8724159598673011
WDFY1,0.0029757830601644802,0.9260716380147049,0.990149082490187
WDFY3,0.1054008204444012,0.004884063010547584,0.8261529258227237
WDR11,0.06425482365852983,0.031181114443719026,0.8261529258227237
WDR26,-0.13608857442193223,0.044387166205699886,0.8261529258227237
WDR45B,0.027956995462385583,0.5567604652232558,0.9329361999241526
WDR48,-0.1192425646570121,0.08892020657765105,0.8261529258227237
WDTC1,-0.008093616917507707,0.9097070273165737,0.990149082490187
WNK1,-0.022871421210341136,0.8285930752186466,0.9848398768228644
WSB1,0.004765763307230589,0.7649515205278014,0.9734383074951826
WWP1,-0.041756583059754264,0.2611101618127958,0.8602055584594136
XRN1,0.14641794367699168,0.21987171062870314,0.8602055584594136
YAP1,-0.037462143801362036,0.9917740945477351,0.9979246315681862
YLPM1,0.01913885995964351,0.8608698044170195,0.9848398768228644
YPEL3,0.059519503884562924,0.3481446249530621,0.8724159598673011
YPEL5,-0.13259523031673803,0.2611101618127958,0.8602055584594136
ZBTB10,0.0706152088825426,0.05386289987950734,0.8261529258227237
ZBTB20,0.068192772429197,0.197492567454973,0.8602055584594136
ZBTB38,-0.03525259725896605,0.15781862293298154,0.8376727868833209
ZEB2,0.05903362891138206,0.1296345808790129,0.8261529258227237
ZFAND5,0.06467584150016542,0.15183902058357476,0.8376727868833209
ZFAND6,-0.024215134592885608,0.7807319473938321,0.9744135266511482
ZFP36L1,-0.02959770286209623,0.9588879528454441,0.9957092502347091
ZFP90,-0.010621073777045846,0.5160029354435863,0.9236297908840841
ZFR,0.03147974006859,0.4768500218436187,0.899638558652641
ZFYVE16,-0.08467542747702594,0.04661336118033611,0.8261529258227237
ZMYM2,-0.0120831976457106,0.6575324631990798,0.9462052519206269
ZNF106,-0.027321884537350904,0.9424675874144188,0.994571486556029
ZNF121,-0.016438591069804553,0.749268076764465,0.9648313131351941
ZNF148,0.03845144958529379,0.2524616383129348,0.8602055584594136
ZNF222,0.006232701818738265,0.9097070273165737,0.990149082490187
ZNF226,-0.02975445983171658,0.29773983977541063,0.8724159598673011
ZNF362,-0.015838710919107928,0.718216129533986,0.9512699348317487
ZNF385A,0.016449105597648783,0.5706867047301827,0.9329361999241526
ZNF410,0.026582847016398747,0.5160029354435863,0.9236297908840841
ZNF512,-0.04811446472903615,0.09285974841735234,0.8261529258227237
ZNF518B,-0.039865905129032694,0.2357684427087915,0.8602055584594136
ZNF573,-0.008227926159230561,0.6575324631990798,0.9462052519206269
ZNF608,0.010293454064631648,0.7336876455731964,0.9600066168891219
ZNF638,-0.06032009850388306,0.2699614194997886,0.8673512933433801
ZNF641,0.0036383297999387776,0.6725120572471346,0.946768601200413
ZNF708,0.029605174974029216,0.3273658351959313,0.8724159598673011
ZNF71,0.01807313466416226,0.718216129533986,0.9512699348317487
ZNF776,-0.042471318252120006,0.07448869557973883,0.8261529258227237
ZNF83,-0.06329348505797061,0.16397493056101187,0.8376727868833209
ZNF91,-0.042288042492642966,0.21221826045709435,0.8602055584594136
ZSCAN21,0.034475173428260085,0.9588879528454441,0.9957092502347091
ZSWIM8,-0.03758358462085054,0.35884165476033514,0.8724159598673011
